IID	PC1	PC2	PC3	PC4	PC5	PC6	PC7	PC8	PC9	PC10	PC11	PC12	PC13	PC14	PC15	PC16	PC17	PC18	PC19	PC20	is_student
ref145	-0.161065	-0.278653	-0.025159	0.111592	-0.072227	0.010342	-0.097651	0.099008	-0.177662	0.113227	-0.203044	0.111613	-0.073756	0.273921	-0.036107	0.009196	-0.266401	0.010147	-0.036436	0.186323	False
ref146	-0.157274	-0.279410	-0.017748	0.124712	-0.021807	0.032324	-0.133256	-0.009852	-0.232770	0.031722	0.112712	0.092281	-0.060629	-0.061218	-0.157161	0.064306	0.017645	0.167831	-0.085221	-0.055063	False
ref147	-0.163396	-0.283485	-0.029765	0.112217	-0.050331	0.102535	-0.021571	0.049238	-0.272046	0.007135	0.001929	0.077685	0.048874	-0.034570	-0.183137	0.026487	0.102377	0.049874	-0.062782	0.002845	False
ref148	-0.163792	-0.276477	-0.026222	0.103527	-0.052182	0.056005	-0.145129	0.071827	-0.106093	-0.078725	-0.098641	-0.033970	-0.090992	-0.099895	-0.007223	0.043224	0.174264	-0.112581	0.117630	0.109332	False
ref149	-0.160293	-0.276703	-0.030997	0.110856	-0.056777	0.046370	-0.039590	-0.020889	-0.140368	-0.035143	-0.095951	-0.119655	-0.086826	0.132559	-0.036700	0.169829	0.062345	0.014566	-0.218696	-0.008944	False
ref137	-0.164628	-0.229032	-0.041664	0.093940	-0.310186	-0.052737	0.054910	0.072923	0.140520	0.011570	-0.010403	0.018039	-0.131879	0.035133	-0.024207	-0.022370	-0.021507	-0.002021	-0.091718	0.019962	False
ref150	-0.159337	-0.275942	-0.036699	0.109115	-0.037553	0.058503	-0.103655	-0.005239	-0.095603	0.037212	0.035221	-0.049649	-0.182016	-0.077592	-0.026803	0.039929	-0.097967	-0.119405	0.070387	0.215748	False
ref151	-0.162790	-0.284621	-0.026882	0.116696	-0.069055	0.046575	-0.059825	0.109337	-0.242237	0.035565	-0.029664	0.016263	-0.013929	0.056794	0.023812	-0.201868	0.013095	-0.094395	0.240290	-0.189624	False
ref152	-0.158209	-0.282821	-0.023964	0.123404	-0.082649	0.080322	-0.125001	0.100786	-0.185373	-0.071418	-0.062051	-0.245257	0.150823	-0.196432	0.143868	0.057644	-0.012241	0.131543	0.218555	0.229919	False
ref138	-0.173117	-0.254414	-0.031068	0.100624	-0.275555	0.007634	0.055452	0.067953	-0.053270	0.147115	0.087243	0.076350	0.038208	-0.062015	-0.096787	0.002384	0.056625	-0.087875	0.035481	-0.107441	False
ref139	-0.168349	-0.246963	-0.038581	0.110925	-0.337745	-0.018578	0.063201	-0.070648	0.174409	-0.004159	0.017613	-0.047992	0.120392	0.047911	0.043463	-0.013498	-0.100594	0.049935	-0.037637	-0.015445	False
ref140	-0.174908	-0.242974	-0.052274	0.108928	-0.300883	-0.130090	0.097228	-0.037300	0.119443	-0.053235	-0.041306	0.006822	0.029173	0.135979	0.022515	-0.044875	-0.135767	0.046041	0.051632	-0.096542	False
ref141	-0.173169	-0.242136	-0.034593	0.116733	-0.302570	0.002147	0.010894	-0.010275	0.144111	0.092557	0.022125	0.005743	-0.059354	-0.081806	-0.144242	-0.082787	0.018672	0.083340	-0.012379	0.009945	False
ref142	-0.170709	-0.238576	-0.033741	0.107338	-0.287432	-0.022908	0.067888	0.023757	0.164814	-0.063086	-0.008922	-0.020027	-0.021501	0.043827	0.049842	-0.110759	0.099925	-0.032762	-0.083334	-0.037207	False
ref143	-0.173463	-0.238000	-0.032588	0.096141	-0.270183	-0.083289	0.065873	-0.042333	0.205294	-0.047242	0.086107	-0.003358	0.005612	-0.205701	-0.036195	0.188476	-0.103465	0.101296	0.134940	0.123107	False
ref144	-0.170922	-0.241236	-0.035091	0.108207	-0.350915	-0.064132	0.169707	-0.056375	0.165530	-0.123072	0.003706	0.020233	0.054372	-0.024315	0.067917	0.038576	0.026549	-0.013880	0.084771	-0.003534	False
ref105	-0.225166	0.358072	-0.003180	0.104298	0.001594	-0.002792	0.001998	0.008153	-0.001745	0.011074	-0.005080	-0.011731	-0.009163	-0.013955	0.008071	0.003835	0.021563	0.008437	-0.005839	0.002224	False
ref106	-0.223556	0.353366	-0.001666	0.102976	-0.002113	0.004089	0.000866	0.003597	-0.008285	0.004680	0.001401	-0.013138	-0.006452	-0.007882	-0.000960	-0.001000	0.006173	0.003565	0.007151	-0.009079	False
ref107	-0.225212	0.355055	-0.013986	0.106561	-0.008033	0.014903	-0.008309	0.001018	-0.005825	0.001339	-0.014306	0.002581	0.007162	0.010431	-0.010666	-0.026987	0.002435	-0.029535	-0.012015	0.010472	False
ref108	-0.222199	0.350796	-0.000771	0.102326	-0.004757	-0.000230	0.009887	0.000263	0.008248	0.015810	0.002204	0.005032	0.009514	-0.005801	0.002809	0.021173	-0.001184	-0.021452	0.001960	-0.006535	False
ref109	-0.225950	0.352243	-0.005480	0.091001	-0.000309	0.016811	-0.009692	-0.003706	0.005333	0.010303	0.007822	0.002205	0.001508	0.005706	-0.004675	0.009751	0.001682	-0.012666	-0.003661	-0.014405	False
ref110	-0.224792	0.347645	0.002791	0.100425	0.001927	-0.000030	0.009297	0.004774	-0.002136	0.006898	-0.008415	-0.009466	-0.009123	-0.008300	-0.006377	0.004194	0.013064	-0.005887	-0.008814	0.003575	False
ref081	-0.061594	-0.172157	-0.077178	0.031499	0.080772	-0.142049	0.215215	0.083350	-0.087148	0.075296	-0.054228	-0.143427	0.010946	-0.009730	0.033034	0.122191	-0.040810	0.048913	-0.068164	-0.032799	False
ref082	-0.117660	-0.207165	-0.059195	0.046339	0.099501	-0.120274	0.264938	-0.035499	-0.003525	0.174727	0.055648	0.047987	-0.153999	-0.014468	-0.092804	0.050156	0.049985	-0.042831	0.071967	0.134311	False
ref111	-0.224912	0.351265	0.002237	0.098211	0.002898	0.013390	-0.002799	-0.000942	0.007526	0.009843	-0.008286	-0.027501	-0.006212	0.010396	0.006679	-0.009667	0.033581	-0.004038	-0.010768	0.019699	False
ref112	-0.228871	0.355427	-0.005104	0.105336	0.013503	0.007281	-0.003239	0.005454	0.006288	0.010532	-0.007335	-0.009207	-0.010307	-0.012186	0.016289	0.000007	0.010955	0.020061	-0.008042	-0.002932	False
ref089	-0.222143	0.349324	0.010202	0.105508	0.026629	-0.009061	-0.028657	0.011265	-0.007920	0.002947	0.002531	-0.039003	-0.021141	-0.013230	0.009483	-0.013388	0.058652	0.048306	0.023680	0.040841	False
ref083	-0.024130	-0.131506	-0.095914	-0.004911	0.081151	-0.081459	0.206759	0.121566	-0.016801	-0.066911	0.171752	-0.276215	0.120955	-0.003782	-0.040484	0.179339	0.022159	-0.253339	0.046507	0.043460	False
ref084	-0.117980	-0.201632	-0.083616	0.047234	0.103721	-0.104249	0.195729	0.107579	-0.059680	-0.047395	-0.092887	-0.068099	-0.099978	0.046625	-0.042595	-0.033907	-0.066421	-0.207469	0.158862	0.201751	False
ref085	-0.103215	-0.190032	-0.096009	0.025700	0.110760	-0.138673	0.370969	-0.008551	-0.242993	0.054453	0.020042	0.049882	0.028256	-0.117518	0.049947	-0.052112	0.019543	0.094402	0.079753	-0.082929	False
ref086	-0.108804	-0.196809	-0.093597	0.038658	0.149072	-0.199454	0.399853	0.011463	-0.080329	0.000946	-0.089648	0.023898	-0.141481	0.049749	-0.019171	0.050053	0.002003	0.012020	-0.142416	-0.107671	False
ref057	-0.143952	-0.224683	-0.074100	0.049435	0.104489	0.002034	-0.061170	0.015500	0.146943	-0.162762	0.178494	0.329666	-0.068516	-0.133172	0.077322	0.113643	0.157334	-0.067864	-0.131129	0.102150	False
ref087	-0.105403	-0.237589	-0.053137	0.092493	0.163940	-0.095573	0.152967	-0.047795	-0.068412	-0.210740	0.045271	0.148821	-0.052542	-0.039884	-0.009933	-0.041963	0.169715	-0.069693	-0.053450	-0.079263	False
ref088	-0.090104	-0.160339	-0.100305	0.011760	0.131038	-0.165526	0.238313	0.063761	-0.071305	-0.001589	-0.083013	-0.050540	0.064276	0.029582	0.003224	0.014333	-0.112040	0.039334	-0.034628	0.122816	False
ref058	-0.149101	-0.189086	-0.097950	0.014864	0.104032	0.047323	-0.049966	0.091020	0.122059	-0.023933	-0.099115	0.155816	-0.046996	0.037215	-0.016824	0.037130	-0.058587	0.140165	0.023724	0.107953	False
ref059	-0.112738	-0.022415	-0.248332	-0.162449	0.025627	0.027556	-0.033397	0.002205	0.029405	0.044206	-0.061249	-0.003129	-0.046086	-0.076019	0.035863	0.042217	-0.015137	0.079826	-0.043844	-0.028465	False
ref060	-0.149834	-0.226216	-0.075886	0.065085	0.120491	-0.017226	-0.071133	0.145870	0.129701	-0.122687	0.272257	0.030048	0.144399	-0.017919	0.143893	-0.125307	0.023105	-0.170528	-0.154458	0.194156	False
ref061	-0.125130	-0.143213	-0.121904	-0.011213	0.090089	-0.011381	-0.029140	0.027410	0.092010	0.038656	0.034977	0.056218	-0.053776	-0.085539	0.000553	0.022963	-0.097155	-0.047836	-0.128324	0.122930	False
ref062	-0.160167	-0.098991	-0.206778	-0.101702	-0.003548	-0.008169	-0.025021	0.106616	0.042351	-0.031408	0.032954	0.059325	0.061193	-0.018891	-0.007116	-0.032723	0.024515	-0.005597	-0.031319	0.011717	False
ref063	-0.139280	-0.218180	-0.079089	0.058426	0.175738	-0.021425	-0.004301	0.201884	0.146502	-0.106157	0.094865	0.203103	0.100810	-0.049955	-0.029762	0.011800	0.016789	0.024756	-0.114684	0.036636	False
ref064	-0.152558	-0.211882	-0.100061	0.039604	0.140119	0.092114	-0.088867	0.718261	0.286052	0.160168	-0.220613	0.035850	-0.043640	-0.058536	-0.115160	0.113237	-0.044942	-0.007420	0.088844	-0.201621	False
ref153	-0.137646	-0.279918	-0.019814	0.128029	0.109472	0.023434	-0.125749	0.049629	-0.005945	-0.060369	-0.050706	0.077130	0.085621	-0.151524	0.100499	-0.229153	-0.025879	0.065300	-0.087269	-0.136440	False
ref154	-0.132340	-0.279219	-0.019965	0.131394	0.100465	-0.015877	0.001646	-0.016012	0.117660	0.033497	-0.111662	-0.093122	0.177948	-0.065881	-0.131528	-0.232727	0.175257	0.037677	0.185071	-0.007184	False
ref155	-0.144412	-0.281018	-0.028259	0.133168	0.101737	0.019913	0.009813	-0.076828	0.046231	-0.029167	-0.016548	-0.029556	0.003734	0.189572	0.106371	-0.051345	0.020354	0.005852	0.045998	-0.168051	False
ref193	-0.150470	-0.118266	0.165006	-0.102250	-0.012253	0.020631	0.051253	-0.011622	0.016577	0.000077	-0.148650	0.046761	0.099787	0.043776	0.074717	-0.061291	0.109158	-0.210100	-0.090118	0.109052	False
ref121	-0.219386	0.348024	0.004065	0.099204	0.009596	0.004295	-0.002627	0.011117	-0.004762	0.011288	-0.010473	-0.036436	-0.012770	-0.014184	0.010031	-0.030300	0.031908	0.047737	-0.002901	0.000744	False
ref156	-0.150659	-0.287114	-0.041394	0.134965	0.092052	0.001899	0.037965	-0.059183	-0.012778	-0.005397	-0.104549	0.001295	0.167677	-0.041708	-0.071560	-0.134631	0.116885	-0.034596	0.119453	0.012625	False
ref157	-0.137766	-0.275580	-0.020754	0.115236	0.091058	-0.007611	-0.072012	-0.095938	-0.083283	-0.152967	-0.053421	-0.015732	0.376827	-0.144991	-0.265275	0.144513	-0.313743	-0.121841	-0.048950	-0.277888	False
ref158	-0.137718	-0.282374	-0.028347	0.135170	0.113116	-0.010889	0.024779	-0.078249	0.081788	-0.074673	0.059674	0.203656	-0.081811	-0.118431	-0.052811	-0.176705	-0.020524	0.235249	-0.089904	0.045081	False
ref159	-0.151237	-0.277682	-0.026331	0.136092	0.128798	-0.012810	-0.069801	-0.114945	-0.042187	-0.063163	-0.000501	-0.044479	-0.074205	0.126414	-0.089191	0.033139	-0.211617	0.069567	-0.089223	0.101557	False
ref160	-0.138076	-0.278936	-0.024655	0.126762	0.089144	-0.043415	0.005205	-0.038827	0.009518	0.031684	0.108782	0.000155	0.223274	-0.095598	-0.094585	-0.182237	0.048335	0.098615	-0.054846	-0.021444	False
ref090	-0.219309	0.345058	0.014610	0.102455	0.017460	-0.009684	-0.003617	0.019040	-0.016004	0.023420	0.000453	-0.038706	-0.017875	-0.020825	0.033192	-0.017687	0.068851	0.046994	0.009785	0.018471	False
ref091	-0.223094	0.349384	0.014112	0.107475	0.010721	-0.011236	-0.019987	0.005638	-0.014053	0.020161	0.005920	-0.048876	-0.001823	-0.025788	0.021652	-0.022363	0.056848	0.067041	0.014055	0.032343	False
ref092	-0.217311	0.346890	0.014598	0.105885	0.009195	-0.005377	-0.017246	0.030575	0.002461	0.004077	0.002420	-0.029570	0.002913	-0.021589	0.027304	-0.004981	0.068496	0.046304	0.019144	0.022204	False
ref122	-0.215350	0.339600	0.014543	0.107170	0.010009	-0.010046	-0.011654	0.018104	-0.015371	0.009647	-0.012680	-0.022892	-0.016253	-0.019552	0.029498	-0.026072	0.048298	0.043471	0.009844	0.018168	False
ref123	-0.215241	0.343219	0.021816	0.092625	0.001876	-0.008990	-0.007944	0.022459	-0.001630	0.003380	-0.029431	-0.030006	-0.004285	-0.021555	0.016435	-0.007637	0.061928	0.042135	0.024325	0.026631	False
ref124	-0.222397	0.346241	0.009861	0.109493	0.009831	-0.002029	-0.007393	0.008494	0.004411	0.016660	-0.013497	-0.018453	-0.015210	-0.020096	0.018378	-0.025727	0.039767	0.051195	0.019654	0.009793	False
ref001	0.481958	0.030401	-0.006363	0.010665	-0.002033	0.021282	0.017241	0.031246	-0.014384	0.036561	0.021599	-0.042567	-0.006308	-0.016445	-0.024010	0.009320	0.025518	0.023052	-0.008107	-0.015024	False
ref002	0.406556	-0.004300	-0.004049	0.012985	-0.016661	0.011906	-0.034817	0.026387	0.014475	0.002559	-0.018004	-0.103499	0.023262	0.035796	-0.012385	-0.071812	0.028201	-0.007567	-0.109512	-0.051641	False
ref073	-0.236409	0.147961	-0.427335	-0.366410	-0.040732	0.016306	-0.031379	-0.025651	-0.007138	-0.000519	-0.000936	0.000907	-0.001652	-0.001219	0.009738	-0.030642	0.012996	0.011733	0.014186	0.001980	False
ref074	-0.209360	0.037435	-0.337745	-0.265882	-0.027991	0.004331	-0.013449	-0.034649	-0.024899	0.019233	0.006835	-0.028523	0.038420	-0.006213	0.041532	-0.051393	0.012724	0.004406	0.022133	-0.001391	False
ref075	-0.181044	0.095219	-0.362206	-0.296690	-0.019759	0.004466	-0.024121	-0.012151	-0.015869	0.003490	-0.001887	-0.000694	0.003599	0.006611	0.007071	0.007440	0.001127	-0.001187	-0.007245	-0.005126	False
ref076	-0.181630	0.005127	-0.279452	-0.201430	-0.003799	0.029770	-0.051619	-0.043522	-0.016831	-0.014301	0.026024	-0.034494	-0.027310	0.053031	-0.020848	-0.008983	-0.021032	-0.014783	0.021400	-0.016534	False
ref077	-0.146597	0.011594	-0.274193	-0.213207	0.000403	0.005574	-0.029444	0.013160	0.005658	0.041641	0.020513	0.047842	-0.011016	-0.004580	-0.009924	-0.000616	0.005529	0.021484	-0.009629	-0.004907	False
ref078	-0.203078	0.011807	-0.317154	-0.234565	-0.040443	0.013559	-0.021279	-0.064984	-0.007264	0.002652	0.062683	-0.128017	-0.037716	-0.059559	-0.067217	0.004643	0.192127	-0.067161	0.098990	-0.059256	False
ref125	-0.215512	0.305428	0.027757	0.071843	0.008244	0.006275	-0.002648	0.034678	0.004899	0.008332	-0.005436	-0.020184	-0.009663	-0.013274	0.030111	-0.043903	0.067778	0.046399	0.013714	0.034816	False
ref079	-0.213795	0.087512	-0.372091	-0.307622	-0.026144	-0.001044	-0.011665	-0.021089	-0.006279	0.002456	0.014094	-0.015722	0.002958	0.024180	-0.006138	-0.019982	0.026593	0.000910	0.005918	-0.020172	False
ref126	-0.218607	0.342329	0.009386	0.104268	0.005489	-0.010842	-0.011233	0.012124	-0.003433	0.027859	-0.003206	-0.016144	-0.019554	-0.007319	0.041898	-0.020427	0.050398	0.051551	0.006213	0.010492	False
ref127	-0.222127	0.335827	0.015882	0.094364	0.003058	0.003921	-0.001160	0.008782	0.000133	0.013493	-0.011472	-0.031050	-0.012506	-0.020734	0.019207	-0.035631	0.049965	0.043575	0.000158	0.008975	False
ref128	-0.219349	0.337297	0.011549	0.100628	0.009351	-0.010542	-0.006337	0.006905	-0.008778	-0.002739	-0.004270	-0.030656	-0.014844	-0.016195	0.019308	-0.027914	0.034578	0.043742	0.010546	0.031245	False
ref093	-0.223187	0.349033	0.008392	0.111282	0.004389	-0.003209	-0.006880	-0.006229	-0.002545	-0.003519	0.000905	-0.033314	-0.014974	-0.017139	0.027513	-0.026588	0.071126	0.043718	0.013132	0.021719	False
ref080	-0.209639	0.015747	-0.312310	-0.241817	-0.009843	0.008838	-0.007115	-0.032431	0.002922	0.017754	-0.012550	0.007724	0.003215	-0.018457	-0.005704	-0.001871	0.070492	0.022216	-0.018871	-0.012369	False
ref003	0.461482	0.019186	0.002284	0.011212	-0.014705	-0.038805	-0.032060	0.005302	-0.036878	-0.024806	0.027445	-0.035211	-0.058552	-0.021387	-0.040948	-0.021592	0.003194	-0.052058	-0.020745	-0.003228	False
ref094	-0.218977	0.346123	0.015150	0.106772	0.022694	-0.001259	-0.014134	0.022097	-0.026125	0.013969	-0.003646	-0.033348	-0.002287	-0.028475	0.016504	-0.024502	0.057885	0.047794	0.012959	0.032927	False
ref095	-0.218279	0.347695	0.014509	0.108310	0.016220	-0.007200	-0.017022	0.012307	-0.016352	0.008759	-0.005107	-0.030619	-0.016335	-0.005489	0.030133	-0.021696	0.059635	0.048144	0.017784	0.030333	False
ref096	-0.215588	0.347758	0.013908	0.105817	0.013300	0.001401	-0.017018	0.025930	0.006318	0.014969	0.000787	-0.025355	-0.008013	-0.023275	0.032531	-0.006444	0.066037	0.054090	0.014961	0.011025	False
ref004	0.399292	-0.007567	-0.004822	0.018959	-0.021090	0.017461	-0.015576	0.005504	0.021400	-0.027048	-0.006867	-0.025032	-0.042933	-0.038187	-0.020930	-0.042496	-0.014933	-0.007489	-0.079831	-0.013881	False
ref005	0.421802	-0.001165	-0.007892	0.015748	-0.003219	-0.029842	-0.010213	-0.022107	-0.005345	0.003547	0.023399	-0.027063	-0.045166	-0.047166	0.037640	-0.011089	-0.011002	0.044375	-0.032441	0.025424	False
ref006	0.440730	0.012518	-0.005813	0.008290	-0.025281	-0.002642	-0.018622	0.008806	-0.002124	-0.026517	-0.005910	-0.022209	-0.035957	0.014402	0.006307	-0.011710	-0.018521	0.006775	-0.021571	-0.043658	False
ref007	0.439188	0.010520	0.000226	0.017177	-0.016204	-0.026567	-0.009650	0.016976	-0.005698	0.017410	-0.019992	-0.041075	0.033217	0.038806	-0.003349	-0.034097	0.021992	0.015007	-0.084037	-0.017739	False
ref194	-0.157028	-0.109784	0.165125	-0.103800	0.011535	0.026245	0.055489	0.005500	0.023135	0.197554	-0.032251	-0.061845	0.026229	0.004901	0.170392	0.028138	-0.015378	-0.025620	-0.225661	0.045289	False
ref008	0.415221	-0.000475	-0.010774	0.020388	-0.016963	0.004065	-0.030509	0.046927	-0.003644	0.004145	0.020652	-0.032948	0.040721	0.022485	-0.014818	-0.023828	-0.062346	0.025149	-0.079158	-0.002495	False
ref025	0.496695	0.038001	-0.003878	-0.003909	0.000008	-0.172699	-0.077101	-0.045782	-0.004453	0.023102	-0.025206	0.063087	0.048495	0.061595	-0.003317	0.070522	0.039424	0.008698	0.048604	0.001291	False
ref026	0.480205	0.028500	-0.002849	0.001403	0.029337	-0.189950	-0.094431	-0.040268	0.015680	-0.014505	-0.000045	0.059654	0.058307	0.022707	0.003163	0.096663	0.089171	0.034057	0.048944	-0.029342	False
ref195	-0.151815	-0.120056	0.134782	-0.109197	0.009202	0.042383	-0.025928	-0.180812	-0.059033	0.249398	-0.269482	0.317818	0.131379	-0.177530	0.356368	0.062392	-0.029083	-0.167562	0.029035	-0.102419	False
ref196	-0.150809	-0.117157	0.148530	-0.102774	-0.013256	-0.025000	0.007935	-0.047697	0.035979	0.138637	-0.028129	0.059442	-0.088977	-0.007872	-0.039200	-0.021038	0.035984	-0.022722	-0.070701	0.047722	False
ref197	-0.156208	-0.078078	0.170723	-0.119837	-0.014324	-0.006145	-0.031343	-0.010207	0.016017	-0.015720	-0.019547	0.067126	-0.023755	0.026254	-0.012848	-0.048595	-0.035966	0.016907	0.025284	0.028292	False
ref198	-0.155845	-0.117934	0.156092	-0.111367	-0.044738	0.095219	-0.000005	-0.178834	0.087571	0.307715	-0.195950	0.076072	0.080415	-0.211682	-0.276610	0.079160	0.098860	-0.092146	-0.169777	0.119677	False
ref199	-0.147006	-0.103960	0.169812	-0.124108	0.012876	0.011621	-0.022039	0.017239	0.025435	0.033416	-0.000812	-0.058723	-0.000771	0.062316	0.109168	0.064231	0.048642	-0.020892	-0.092144	0.041960	False
ref200	-0.153133	-0.103805	0.146886	-0.104995	-0.032182	-0.006599	-0.008837	-0.046409	-0.107288	0.044164	0.003677	0.035289	0.052194	-0.009756	0.060389	0.027115	0.011413	0.064276	-0.057690	0.114522	False
ref027	0.494486	0.036403	-0.004487	0.006157	0.013595	-0.196408	-0.056430	-0.037328	-0.008781	0.023035	0.017244	0.044457	0.052117	-0.006064	0.017744	0.098794	0.076846	0.021431	0.107494	0.024823	False
ref028	0.494864	0.037694	-0.007637	0.007774	0.002267	-0.203868	-0.092240	0.027840	0.019163	0.028922	-0.015194	0.073302	0.107312	0.073869	-0.000915	0.094184	0.088104	-0.020325	0.086598	0.040420	False
ref029	0.492870	0.040318	0.000692	0.006924	0.004895	-0.163803	-0.075773	-0.014154	-0.031548	0.045367	-0.024929	0.029513	0.069378	0.034519	-0.018231	0.086314	0.050884	0.035828	0.043423	-0.019001	False
ref030	0.495353	0.039326	-0.000218	-0.000973	0.006634	-0.113389	-0.070640	-0.010207	-0.027589	0.027337	-0.014924	0.039486	0.036197	0.016255	-0.016999	0.008918	0.005660	-0.010996	0.058712	-0.007097	False
ref031	0.497360	0.039903	-0.003745	0.002067	0.001309	-0.191870	-0.093760	-0.037839	0.022337	-0.005341	0.002771	0.063730	0.032458	0.019600	0.016665	0.069704	0.041186	0.021092	0.085432	0.004116	False
ref017	0.513807	0.044818	0.000449	0.000780	-0.003634	0.043426	0.002384	0.002381	0.001305	0.003291	0.007444	-0.008343	-0.033284	-0.006726	-0.009561	-0.028391	-0.032396	0.002010	-0.045266	-0.032567	False
ref032	0.496257	0.036484	-0.009455	-0.003449	0.004301	-0.156318	-0.061292	-0.023680	0.015456	0.070260	-0.025636	0.024865	0.019687	0.055384	0.010908	0.030401	0.021697	0.029134	0.086109	0.030345	False
ref041	0.506884	0.041686	-0.000200	-0.006656	-0.014927	-0.090150	-0.037018	0.012512	-0.008525	0.025533	-0.000454	0.014645	0.060293	0.041160	-0.010380	0.037029	0.017666	0.034184	-0.008053	0.032003	False
ref042	0.509463	0.043681	-0.003456	-0.001453	-0.001909	-0.119356	-0.047514	0.007878	0.021042	0.018452	-0.037997	0.028210	0.037210	0.070710	-0.000249	0.051218	0.051372	0.004963	0.022376	0.063203	False
ref043	0.513376	0.040350	-0.005360	-0.000490	-0.015080	-0.088496	-0.032262	0.007612	0.010585	0.008359	-0.018255	-0.005754	0.018869	0.011377	-0.042049	0.036049	0.004467	0.025656	-0.000926	0.016587	False
ref044	0.508299	0.044580	0.000639	-0.001350	-0.010355	-0.111255	-0.056768	0.004875	0.008032	0.039280	-0.015480	0.007217	0.031694	0.021981	-0.018611	-0.022578	0.059574	-0.022294	0.025933	-0.001346	False
ref018	0.512901	0.041542	-0.000547	0.002409	0.008441	0.059740	0.025626	0.009509	-0.010716	-0.026083	-0.017847	-0.015708	-0.031195	0.000003	-0.020035	-0.069874	-0.025606	-0.014164	-0.037951	-0.003584	False
ref019	0.506794	0.045651	0.000580	-0.001225	-0.022326	0.040735	0.003714	-0.004293	0.001539	-0.015992	0.005720	-0.006050	-0.040863	-0.025515	-0.029097	-0.037699	-0.045113	0.004011	-0.052338	-0.019038	False
ref020	0.508258	0.042675	0.003082	0.000334	-0.001772	0.050784	0.014946	-0.029262	0.000611	-0.031235	-0.033213	-0.011578	-0.051973	-0.016544	-0.035331	-0.069372	-0.015467	-0.002426	-0.076028	-0.023155	False
ref021	0.512877	0.045985	-0.002557	0.000174	-0.003562	0.056025	0.007114	-0.016683	0.022319	0.038726	-0.002241	-0.024300	-0.047410	-0.044152	0.033610	-0.016608	-0.003951	0.048700	-0.043958	-0.051027	False
ref022	0.506240	0.044725	-0.004054	-0.003384	-0.005840	0.067960	0.033940	-0.013642	-0.032990	-0.021455	0.035646	-0.018479	-0.034431	0.016528	-0.020737	-0.043451	0.006078	-0.002632	-0.058204	-0.049621	False
ref045	0.510850	0.046707	-0.006338	-0.001615	-0.012885	-0.109140	-0.049798	0.009790	0.028086	0.044221	0.001206	0.028187	0.041946	0.030914	-0.025256	0.021146	0.040585	-0.016427	0.034238	0.003943	False
ref023	0.511965	0.046930	-0.005521	0.000282	-0.002783	0.049464	0.004019	0.002379	-0.014990	-0.010061	0.007306	-0.016962	-0.033550	-0.009787	-0.007414	-0.033818	-0.010186	-0.002810	-0.069731	-0.020506	False
ref024	0.509250	0.039659	-0.004341	-0.001620	-0.007316	0.045242	-0.004901	-0.001925	-0.002294	-0.021797	-0.022440	0.012209	-0.036362	0.004960	-0.015879	-0.029036	0.022671	-0.000759	-0.013128	-0.029603	False
ref046	0.508650	0.040353	-0.000791	0.003386	-0.024724	-0.107015	-0.069538	-0.013736	0.009053	0.024332	-0.029221	0.015510	0.027973	0.013400	-0.000387	0.005814	0.007297	-0.021353	0.000000	0.025141	False
ref047	0.512434	0.045890	-0.005137	0.000280	-0.002079	-0.096564	-0.043953	-0.001723	-0.000716	0.030374	-0.023048	0.014602	0.069956	0.012013	0.013011	0.026784	-0.014104	0.042552	0.053015	0.032136	False
ref048	0.506280	0.043419	-0.002097	-0.005447	-0.002102	-0.103601	-0.052063	-0.009753	0.013517	0.019876	-0.038865	0.013370	0.022099	0.035201	-0.024110	-0.007015	-0.034380	-0.000701	0.009603	0.046341	False
ref169	-0.157717	0.002206	0.183582	-0.124092	0.002393	-0.010611	0.011964	0.005866	-0.016573	-0.080576	-0.020493	-0.008198	-0.017928	-0.033316	0.011254	-0.026915	0.009429	0.038902	0.044490	-0.019878	False
ref170	-0.160197	-0.001579	0.181783	-0.112641	0.016315	0.007232	-0.004357	0.032227	0.004064	-0.076939	-0.002131	-0.029761	-0.018706	-0.000255	-0.004425	-0.011589	0.048993	0.056838	-0.047343	-0.027815	False
ref201	-0.153889	-0.036780	0.165751	-0.103237	-0.000948	-0.012259	-0.029402	0.028677	-0.028352	-0.022386	-0.011361	-0.001920	-0.049525	0.019752	-0.032679	-0.008396	0.019347	0.031242	0.052760	0.020678	False
ref202	-0.149984	-0.025488	0.220795	-0.160965	0.022668	0.003637	0.028368	0.026000	-0.009477	-0.015084	0.043669	0.016493	0.001376	-0.021022	-0.048391	0.029039	-0.068158	0.017192	0.014942	-0.073270	False
ref203	-0.154499	0.016045	0.229887	-0.180781	0.012067	-0.010390	-0.027608	0.025310	0.002601	-0.080054	0.041937	0.012640	-0.027075	0.004142	-0.069292	0.000110	-0.014673	-0.020936	0.122099	-0.115155	False
ref204	-0.151429	-0.022415	0.208695	-0.150988	0.009305	-0.033973	0.013548	0.023289	0.023498	-0.022395	0.016977	-0.033025	-0.003617	-0.013293	0.006058	0.014820	-0.018292	0.069104	0.010563	0.005571	False
ref205	-0.152033	-0.032146	0.214097	-0.152667	0.010857	-0.025729	0.050886	0.006424	0.002319	-0.060193	0.005933	-0.047893	-0.030002	0.026709	0.021446	0.012366	-0.017129	0.001350	-0.001817	-0.030815	False
ref171	-0.164388	0.017587	0.181942	-0.111172	-0.009970	0.032813	0.021857	0.013705	-0.041236	-0.016663	0.020946	0.001552	-0.002982	-0.023529	-0.044195	-0.015877	-0.015166	0.048087	0.074398	-0.002270	False
ref206	-0.154230	-0.017069	0.210387	-0.149875	0.004439	0.000865	0.015078	0.068796	0.038099	-0.056550	0.050249	-0.046237	-0.024553	0.032761	0.032498	0.019002	-0.026068	0.005817	0.017162	-0.039581	False
ref207	-0.155447	0.020299	0.227006	-0.176895	-0.001626	-0.007335	-0.019123	0.031809	-0.022493	-0.038515	0.026733	-0.008093	0.015111	0.001702	-0.040871	-0.007035	-0.006883	0.010470	0.050795	-0.096810	False
ref185	-0.148409	-0.043281	0.218556	-0.150332	0.009291	0.005671	-0.026182	-0.010773	0.018053	-0.020361	0.065291	-0.027199	0.003051	0.011753	-0.021248	0.033777	-0.010918	0.054917	0.038400	0.020429	False
ref186	-0.149728	-0.042415	0.212460	-0.164039	0.011300	-0.009778	0.000060	0.006922	0.004565	-0.060036	0.046133	-0.028875	0.032690	0.027774	-0.039563	-0.024885	0.016743	0.034910	0.042342	0.032759	False
ref172	-0.157712	-0.009438	0.174717	-0.135063	-0.003478	-0.036756	-0.016395	0.009866	-0.012905	-0.055861	0.060988	-0.023686	-0.014243	-0.016327	-0.032678	-0.059781	-0.085273	0.067407	0.056288	0.027199	False
ref173	-0.165970	0.005677	0.177998	-0.111539	-0.014752	-0.019028	-0.005279	0.035358	0.007825	-0.080646	0.093932	-0.004657	-0.014767	-0.019458	-0.023865	-0.018805	-0.015627	0.003419	-0.007982	-0.012958	False
ref174	-0.162773	0.005469	0.176417	-0.119675	-0.027234	0.004403	0.014498	0.015302	-0.022840	0.023509	0.016749	0.010430	-0.015102	0.030505	-0.018207	-0.034845	0.014653	0.000455	-0.031726	0.032661	False
ref175	-0.160989	0.001670	0.182997	-0.126196	-0.005016	-0.029280	0.014461	-0.004039	-0.001626	-0.030442	0.022878	-0.024844	-0.036929	0.064894	-0.030298	-0.010454	0.024636	0.016299	0.050697	-0.017477	False
ref187	-0.154931	-0.025027	0.209958	-0.159162	0.009615	-0.012189	-0.024520	0.039250	-0.006210	-0.055935	0.044847	-0.062590	0.013059	-0.011969	-0.043328	0.027815	-0.019121	0.035874	0.095135	-0.045494	False
ref188	-0.145601	-0.029708	0.212155	-0.165847	0.003824	-0.025990	-0.005191	0.014961	0.013381	-0.048654	0.023047	0.005019	-0.026145	0.031700	-0.056858	0.010179	-0.015373	-0.020849	0.037781	-0.051362	False
ref189	-0.150874	-0.045267	0.213024	-0.164314	-0.002258	-0.008963	-0.025040	-0.002691	-0.001117	0.013938	-0.010261	0.013694	-0.008693	-0.031210	-0.017989	-0.028544	-0.045982	0.059235	-0.016117	-0.001705	False
ref190	-0.150444	-0.044426	0.207693	-0.156250	0.002762	-0.034470	-0.010528	0.019283	0.032352	-0.034889	0.016023	-0.023211	0.004278	0.031674	-0.090595	0.012790	-0.051375	0.016014	0.004697	-0.052644	False
ref191	-0.155971	-0.040383	0.214081	-0.158069	0.026988	-0.038439	-0.011917	0.051275	0.002351	0.057770	0.006811	-0.049122	-0.033523	-0.013152	0.014835	0.029199	-0.036111	0.072767	-0.026197	0.065574	False
ref208	-0.147848	-0.025985	0.212302	-0.156218	-0.004256	-0.006163	0.042436	0.001642	0.023985	-0.022174	0.004850	0.003904	0.025588	0.005015	0.020380	-0.025458	0.008868	0.039367	0.020585	-0.025936	False
ref176	-0.162071	0.005943	0.176102	-0.116036	-0.000889	-0.025423	-0.024561	-0.016033	-0.026031	-0.021612	0.017531	-0.001178	-0.031849	0.018097	0.008646	0.023161	0.022872	0.034440	0.011637	0.000198	False
ref192	-0.148575	-0.040580	0.209559	-0.158351	-0.002438	-0.003791	0.016489	0.028797	0.030061	-0.047006	0.013300	-0.012426	0.029511	-0.027156	-0.025267	-0.047657	-0.045113	-0.020218	0.012423	-0.042748	False
ref129	-0.157708	-0.290046	-0.031096	0.118758	-0.031400	0.048020	-0.048538	-0.013431	-0.146272	0.120123	0.097966	0.013399	0.056388	0.054011	-0.356988	-0.166067	-0.041750	-0.039369	0.010095	0.233755	False
ref130	-0.166262	-0.280739	-0.028492	0.119955	-0.112326	-0.059384	0.023355	0.168122	-0.114661	0.087961	0.062133	-0.008081	0.157842	0.037758	0.267604	-0.122029	0.059454	0.001473	-0.134577	0.088859	False
ref131	-0.165500	-0.274946	-0.026864	0.115474	-0.131670	0.007262	0.022500	-0.074724	-0.062866	-0.162458	-0.029873	0.094571	-0.149489	0.100239	-0.079099	-0.022434	0.201668	-0.033422	-0.035106	-0.157495	False
ref132	-0.159533	-0.278018	-0.019436	0.116083	-0.045768	0.106629	-0.025626	0.064592	-0.126570	0.072228	-0.035207	-0.155791	-0.066616	0.036368	0.007012	0.256934	0.176270	0.220080	-0.144485	-0.223329	False
ref133	-0.156974	-0.283454	-0.027690	0.117696	-0.008786	0.021900	-0.021935	0.026495	-0.081064	-0.030462	-0.081519	0.137331	0.003591	0.304709	0.188383	-0.065396	-0.129439	0.184710	0.113801	-0.020335	False
ref134	-0.159723	-0.285748	-0.020026	0.112330	-0.045938	0.060248	-0.043503	-0.084311	-0.156360	-0.029232	0.023205	-0.037477	0.084235	-0.114423	0.179410	0.205147	0.085648	-0.026455	-0.111967	-0.116376	False
ref135	-0.163059	-0.277954	-0.027834	0.119164	-0.055321	0.050632	-0.088622	0.002128	-0.118905	-0.088148	0.140856	0.135397	-0.092742	-0.002284	0.096166	-0.024005	0.017419	-0.237446	0.123562	-0.107111	False
ref136	-0.154411	-0.277686	-0.017900	0.118149	-0.043268	0.010294	-0.104335	0.072153	-0.073723	-0.052994	0.085438	-0.042049	0.019059	-0.009498	0.244796	0.176812	-0.149424	-0.057675	0.010423	0.009773	False
ref049	0.513420	0.045316	0.000104	-0.003401	-0.008129	0.018296	0.018999	0.003851	-0.011941	-0.002775	-0.026664	-0.029914	-0.023037	-0.022977	-0.032459	-0.029835	-0.014035	-0.013031	-0.062418	-0.008348	False
ref050	0.508905	0.048844	0.002189	0.002030	-0.009234	0.007682	-0.015985	0.013680	-0.003407	-0.014389	-0.015646	0.006493	-0.005951	-0.009688	-0.000854	-0.021303	-0.031233	0.003300	-0.054866	-0.035675	False
ref097	-0.221747	0.345960	-0.003528	0.095333	0.012356	-0.001164	0.009778	-0.008577	0.010942	-0.003095	-0.013681	0.011516	-0.006353	0.020266	-0.001379	0.006425	-0.027387	-0.021344	-0.002993	-0.026045	False
ref098	-0.225419	0.332260	-0.009348	0.085841	-0.010686	0.012824	0.000147	-0.028758	0.015812	0.012128	-0.006058	0.032068	0.001300	0.008455	-0.030840	0.025790	-0.021527	-0.031239	-0.008811	0.003421	False
ref099	-0.221695	0.344859	-0.007889	0.093493	-0.009017	-0.000853	0.006127	-0.011915	0.003252	-0.004330	0.023869	0.013628	0.004019	0.001979	-0.022605	0.000428	-0.008451	-0.027418	-0.018193	-0.001965	False
ref100	-0.223743	0.330146	-0.004579	0.092969	0.003253	0.001451	0.013368	-0.003785	-0.020739	0.000700	-0.007312	0.031593	0.010861	0.015054	-0.004837	0.022707	-0.046749	-0.033647	-0.020159	0.000153	False
ref101	-0.219468	0.354766	-0.008668	0.099409	0.000193	0.012277	-0.009239	-0.007111	0.007246	-0.000093	-0.006951	0.005022	0.000229	-0.010062	0.010348	0.015515	0.008537	-0.009969	0.019052	0.005925	False
ref102	-0.224693	0.343216	-0.003770	0.090852	0.003732	0.004708	0.014511	-0.008085	0.008170	-0.009866	-0.003465	0.024156	0.006658	0.024349	-0.008734	0.008465	-0.043811	-0.032115	-0.021217	-0.018289	False
ref103	-0.221336	0.340181	-0.019534	0.095181	0.003795	0.013316	-0.004827	-0.021927	0.010720	0.009366	-0.008481	0.015520	-0.007674	0.014865	-0.016918	0.028609	-0.045463	-0.036814	-0.023616	-0.012194	False
ref104	-0.221896	0.347266	-0.010867	0.095814	0.001060	-0.001337	0.009841	-0.021573	-0.001440	0.021590	-0.010880	0.009818	0.008826	0.009805	0.012995	0.020530	-0.022183	-0.018583	-0.017964	-0.013842	False
ref051	0.502722	0.042715	-0.001825	0.005423	-0.012908	0.035959	-0.013450	-0.004585	0.021717	-0.003983	-0.013415	-0.053405	-0.004057	-0.009103	0.002032	-0.020706	-0.004966	-0.011993	-0.041260	-0.039709	False
ref052	0.511686	0.046980	-0.012033	-0.004761	-0.006340	0.037262	0.007935	0.018030	0.017176	-0.019400	0.038255	-0.032254	-0.060925	-0.027500	0.017295	-0.011564	-0.010376	-0.005742	-0.032100	0.013287	False
ref113	-0.221080	0.344485	-0.016245	0.080763	-0.015958	0.003112	0.005682	-0.033139	-0.005111	-0.010899	0.021098	0.072398	0.037956	0.030273	-0.043993	0.042874	-0.097773	-0.075872	-0.018928	-0.015499	False
ref114	-0.219532	0.338968	-0.013221	0.082438	-0.005553	0.001852	0.011629	-0.021593	0.020082	-0.018858	0.011001	0.065828	0.015528	0.019550	-0.039599	0.048088	-0.094777	-0.080655	-0.033921	-0.037144	False
ref115	-0.216362	0.337254	-0.011935	0.081929	-0.007456	0.014586	0.011368	-0.033918	-0.006908	-0.019570	0.012844	0.072058	0.033806	0.027307	-0.030859	0.015739	-0.099694	-0.100677	-0.024889	-0.038168	False
ref116	-0.222763	0.338745	-0.022912	0.075277	-0.012998	-0.004695	0.017188	-0.014682	-0.001810	-0.024048	-0.003501	0.033927	0.027599	0.022418	-0.043719	0.036428	-0.100684	-0.080711	-0.011429	-0.046198	False
ref117	-0.222458	0.336914	-0.012303	0.081705	-0.006322	-0.007437	0.018155	-0.025067	0.003603	-0.019836	-0.006893	0.059416	0.032682	0.030075	-0.036453	0.044879	-0.073629	-0.060495	-0.015749	-0.025304	False
ref033	0.471010	0.036666	0.004445	0.000301	0.008411	0.220328	0.136096	-0.017503	-0.002866	-0.004673	0.036308	0.045549	0.014265	-0.038789	0.018776	0.001144	-0.020833	0.040792	0.027726	0.059495	False
ref034	0.471959	0.033471	0.006963	-0.003054	0.004890	0.230081	0.136358	-0.019005	0.014891	-0.034849	0.037774	0.071396	0.068142	0.065870	-0.018794	0.001824	-0.010641	0.024153	0.062901	-0.002774	False
ref035	0.455511	0.025706	0.007821	-0.001136	0.024117	0.232917	0.119104	-0.008837	0.021416	-0.030160	0.043497	0.030063	0.031749	0.040117	0.026810	0.038156	-0.030376	0.032477	0.077525	0.033948	False
ref118	-0.222432	0.336595	-0.017634	0.092330	-0.003585	0.007869	0.014163	-0.019613	0.004861	-0.014777	0.006659	0.064379	0.039785	0.022136	-0.030204	0.028671	-0.094388	-0.090905	-0.023815	-0.027320	False
ref119	-0.219967	0.340990	-0.009443	0.083502	-0.005776	-0.006182	0.019773	-0.017559	-0.009736	-0.015026	0.004020	0.035255	0.025399	0.023698	-0.033659	0.034260	-0.098400	-0.070624	-0.017521	-0.026191	False
ref120	-0.220457	0.338555	-0.014138	0.079965	-0.006215	-0.003480	0.016936	-0.024088	0.010479	-0.025984	0.026709	0.051397	0.022247	0.032120	-0.033975	0.028720	-0.107127	-0.085095	-0.013032	-0.039582	False
ref053	0.505530	0.044605	-0.005302	0.001677	-0.007890	0.009404	-0.001322	0.045091	-0.014855	-0.016130	-0.016165	-0.045478	-0.020843	-0.017117	0.000007	-0.020744	-0.021157	0.005154	-0.043503	-0.070277	False
ref054	0.507805	0.040188	-0.002530	-0.002105	-0.007165	0.014057	-0.012558	0.006126	0.005598	-0.012356	-0.008467	-0.025758	-0.004159	-0.036158	-0.020338	-0.024967	-0.034135	0.007925	-0.048675	-0.033106	False
ref055	0.508873	0.043228	-0.003860	-0.005787	-0.017713	0.022770	-0.015487	0.015272	-0.018156	-0.010111	0.007339	-0.033763	-0.031785	0.007320	0.009024	-0.079927	0.017665	-0.021190	-0.051837	-0.006439	False
ref056	0.508678	0.041360	0.003733	-0.006075	-0.006440	0.007379	-0.008338	-0.009447	0.010475	0.003276	-0.015460	-0.008595	-0.032869	-0.023199	-0.001067	-0.008569	-0.008653	-0.015474	-0.028869	-0.016397	False
ref036	0.468043	0.028555	0.005609	0.000436	0.010023	0.225514	0.122703	-0.000113	0.027830	-0.015753	0.010823	0.042594	0.045474	0.028055	0.032634	0.046122	0.008039	0.024769	0.098900	0.086213	False
ref037	0.473375	0.030575	-0.001434	0.004479	-0.003015	0.236804	0.140343	0.011858	0.000504	0.000906	0.023731	0.016701	0.053469	0.077562	0.016327	0.046550	-0.002476	0.003364	0.079240	0.064869	False
ref038	0.468700	0.035487	-0.004930	0.005550	0.006206	0.255225	0.118642	0.002868	0.012124	-0.010808	0.014500	0.068427	0.077681	0.033085	0.000116	0.015511	0.019343	0.037552	0.057426	0.029923	False
ref039	0.469491	0.034942	0.003374	0.003502	0.007962	0.224896	0.142296	-0.035227	0.011372	-0.026227	0.011562	0.024515	0.034426	0.001952	0.031588	-0.002469	-0.005134	-0.000883	0.075787	0.030900	False
ref040	0.461465	0.034591	0.002818	0.007538	0.032669	0.233886	0.156570	0.007966	0.014767	-0.006128	0.027392	0.036409	0.016712	-0.003611	0.007746	0.042369	0.001644	0.072800	0.068779	0.019820	False
ref065	-0.144443	-0.244936	-0.051195	0.082646	0.114275	0.048031	-0.048376	-0.195066	0.184866	-0.452498	-0.528850	-0.141214	-0.060333	-0.071736	0.017330	0.045650	-0.005499	-0.000493	0.033144	0.098298	False
ref066	-0.160177	-0.024062	-0.245949	-0.166723	0.034576	-0.002979	-0.038166	-0.006654	0.011803	0.007674	-0.022542	0.019902	-0.014785	-0.028493	0.033528	0.018097	-0.081533	-0.004735	0.025470	0.003088	False
ref067	-0.163920	-0.002282	-0.272243	-0.180512	-0.004506	0.029972	-0.009700	-0.026023	-0.017088	0.007532	-0.015623	0.013646	0.011081	0.015151	0.015680	-0.013759	0.044217	0.049195	0.016882	0.013793	False
ref068	-0.149329	0.002717	-0.257598	-0.185440	0.014763	0.010410	-0.019435	-0.005467	-0.020424	-0.029398	0.012747	-0.015164	0.011647	0.042821	-0.018953	-0.023552	-0.009279	-0.007603	0.015060	-0.001342	False
ref069	-0.161962	-0.016752	-0.244025	-0.160136	0.006000	0.002530	-0.008526	-0.013687	-0.039616	-0.004330	-0.021883	-0.013071	0.005993	0.077431	-0.011890	-0.046960	-0.032199	0.043532	-0.033041	-0.058251	False
ref070	-0.152677	-0.111663	-0.169182	-0.067601	0.062337	0.011134	-0.034069	-0.057127	0.028775	-0.018340	-0.023854	0.012941	0.026869	0.019645	0.021521	0.062303	-0.138717	0.141677	-0.037666	-0.014929	False
ref071	-0.225666	0.126200	-0.376939	-0.323813	-0.032137	0.010589	-0.008197	-0.030491	-0.006403	0.001539	-0.000527	-0.016632	-0.002826	0.021809	0.005185	-0.007176	-0.029888	0.007499	-0.004491	0.006477	False
ref072	-0.203915	0.062475	-0.324741	-0.258363	-0.012215	0.034531	-0.054055	-0.024400	-0.003028	0.012062	0.024945	-0.001769	0.001714	0.015330	0.020126	-0.023501	-0.032458	-0.008334	0.012642	0.001049	False
ref009	0.341566	-0.035382	-0.006103	0.028390	-0.014673	-0.086216	-0.027357	0.000509	-0.064656	0.048528	0.016358	-0.132354	-0.274633	-0.372875	0.108449	-0.171945	-0.226645	-0.054949	0.015563	-0.099411	False
ref010	0.386434	-0.010116	-0.005994	0.019139	-0.017223	-0.026437	-0.061475	0.015761	-0.020490	-0.012785	0.004656	0.028407	0.039247	0.057141	-0.011624	-0.031200	0.058927	-0.037608	-0.069823	0.027228	False
ref011	0.423313	0.008936	-0.011945	0.013545	0.007276	0.045571	-0.003706	0.012679	0.030753	0.002747	-0.023759	0.004335	0.013864	-0.023899	0.009844	-0.033104	-0.021185	0.019536	-0.037204	-0.027699	False
ref012	0.441143	0.008758	-0.004013	0.011452	0.001790	-0.073429	-0.019471	-0.023585	-0.031835	0.017572	0.031392	-0.089332	-0.231592	-0.306257	0.079717	-0.134212	-0.188859	-0.069607	0.008063	-0.068650	False
ref013	0.005929	0.039218	-0.187802	-0.141335	-0.042599	0.026886	-0.005773	-0.028363	-0.028247	-0.033881	0.001876	-0.013282	0.034305	0.024115	0.007130	-0.017966	-0.005706	0.011355	0.010166	0.041557	False
ref014	0.403279	0.001793	-0.010838	0.016374	-0.031985	0.060438	0.029731	0.051241	-0.008867	-0.035497	-0.024376	-0.008919	-0.001069	0.042131	0.039509	0.019796	0.010126	-0.007943	-0.006451	0.040523	False
ref015	0.261145	-0.074285	-0.009030	0.034238	-0.002651	0.037663	-0.086579	0.033153	-0.020788	-0.138354	0.093766	-0.028558	-0.144728	0.038182	-0.016149	0.134780	0.075434	-0.317072	-0.001775	0.069518	False
ref016	0.409215	-0.000482	-0.001119	0.012374	0.005622	0.051834	-0.001117	-0.047692	-0.005284	-0.015740	0.013516	0.015357	-0.038838	0.023017	0.027014	0.020894	0.016762	-0.069100	0.024797	-0.000419	False
ref161	-0.151164	-0.277202	-0.010347	0.111057	0.111659	0.034149	-0.163690	-0.148063	0.057882	-0.038028	0.134956	-0.151439	-0.083345	0.145342	-0.111733	0.062507	0.010382	0.007964	-0.120185	-0.002318	False
ref162	-0.147508	-0.278380	-0.006368	0.109175	0.107084	0.091922	-0.119853	-0.010896	0.063157	0.106735	0.105397	-0.068099	-0.070990	0.145286	0.033256	0.021238	0.111189	-0.032992	0.043373	-0.104524	False
ref163	-0.145871	-0.278420	-0.014774	0.122113	0.159715	0.044002	0.031172	-0.159453	0.273324	0.275700	0.100859	-0.034184	-0.201987	0.080622	0.004443	0.151337	0.009616	-0.055557	0.214057	-0.182785	False
ref164	-0.142009	-0.277355	-0.003848	0.114065	0.152351	0.016816	-0.010241	-0.129733	0.151601	0.055444	0.237020	-0.206977	0.182372	-0.069719	0.101436	0.168203	-0.035031	0.180273	-0.009828	-0.009429	False
ref165	-0.145399	-0.276670	-0.000577	0.111476	0.136884	0.023322	-0.069912	-0.130987	0.146342	0.204555	0.091045	-0.170004	0.091727	0.198721	0.120707	-0.298055	-0.128061	-0.162752	-0.001398	-0.075784	False
ref166	-0.142005	-0.271154	-0.008425	0.120347	0.126936	-0.006386	-0.050823	-0.139681	0.042107	0.068422	0.006469	-0.074320	-0.069199	0.036008	-0.026396	-0.107521	-0.003605	0.047276	0.133927	0.100966	False
ref167	-0.145804	-0.278649	-0.004447	0.111199	0.105546	0.015243	-0.004198	-0.092658	0.101705	0.091253	-0.216970	-0.151608	-0.052806	0.023160	0.012173	-0.032697	0.166793	-0.124621	-0.112339	-0.032751	False
ref168	-0.143310	-0.272169	-0.008454	0.118327	0.112977	0.010726	-0.073521	-0.139365	-0.012368	0.057132	0.089612	0.235692	-0.187882	-0.037435	0.049086	0.118774	-0.049889	0.112489	0.217450	0.016502	False
ref177	-0.150278	-0.075500	0.175700	-0.127992	-0.008653	0.043190	-0.001447	-0.038708	-0.001333	-0.001762	0.016797	-0.025385	-0.046206	-0.003485	0.031171	-0.005552	-0.027801	0.035614	-0.068862	0.016190	False
ref178	-0.149297	-0.116162	0.161512	-0.111949	0.004424	0.008698	0.005537	0.023121	-0.001538	0.099375	-0.000919	-0.026517	-0.055453	0.013861	0.079343	0.038077	-0.037335	-0.014330	-0.114987	0.177988	False
ref179	-0.156027	-0.096324	0.166393	-0.115283	-0.030524	0.119359	-0.036342	-0.054153	-0.026646	0.143177	-0.047544	-0.048923	0.145870	-0.071178	-0.050526	0.090290	-0.011897	-0.175763	0.090194	0.026930	False
ref180	-0.155839	-0.059072	0.206170	-0.160413	0.014750	-0.034946	-0.003240	-0.010790	-0.021578	-0.056356	0.047421	0.006232	0.005217	0.055955	0.025019	-0.047588	0.029459	-0.036389	-0.003470	0.024389	False
ref181	-0.152946	-0.075779	0.183891	-0.137765	-0.024790	0.016259	0.018741	-0.034538	0.005353	-0.034976	-0.042551	0.027014	0.002837	-0.004512	0.044631	0.011002	0.050533	-0.002219	0.035021	0.006141	False
ref182	-0.155566	-0.050428	0.210809	-0.167361	0.007069	-0.002282	-0.012219	0.023622	-0.007803	-0.041294	-0.025780	0.035751	-0.012390	0.028470	-0.010363	-0.025626	0.038148	-0.036135	-0.010281	-0.039376	False
ref183	-0.153254	-0.056960	0.203592	-0.147569	0.004956	-0.017411	-0.009537	0.022186	-0.004982	-0.029976	-0.007040	-0.002325	-0.035528	0.055962	0.027243	-0.066976	0.025653	-0.014423	0.019523	0.008473	False
ref184	-0.152242	-0.054297	0.210536	-0.158977	0.000762	-0.017736	0.042466	0.016945	-0.022437	-0.030357	-0.011878	0.057663	0.017431	0.014878	0.002981	-0.035216	0.054182	-0.025023	-0.057543	-0.054876	False
s1	-0.191454	0.337188	0.003037	0.067318	0.004381	-0.001662	0.002996	0.002815	-0.000043	0.005697	-0.003572	-0.002664	-0.000236	-0.001435	0.003663	-0.000960	0.006507	0.002348	0.000824	0.002761	True
s2	-0.117637	-0.214064	-0.014008	0.058738	-0.011880	-0.003372	-0.006199	0.006563	-0.009130	-0.001531	0.001996	-0.004261	0.007530	-0.001643	-0.006067	0.003776	0.001304	-0.005499	-0.000574	-0.000987	True
s3	-0.124231	-0.209917	-0.010837	0.060880	-0.004698	0.002106	-0.001145	-0.001832	-0.003241	0.000855	0.003046	0.003465	0.003991	-0.000346	0.003489	0.003530	-0.000315	0.000005	-0.008567	0.003001	True
s4	-0.127347	-0.205778	-0.012329	0.061329	-0.009416	0.005687	-0.004509	-0.001902	-0.005045	0.000316	-0.000148	-0.001124	0.000532	0.001510	-0.000393	0.003172	-0.000663	0.004047	0.002750	0.003549	True
s5	-0.128404	-0.026190	-0.140752	-0.079853	0.004641	0.003748	0.000560	-0.007202	0.005417	-0.002495	-0.002735	-0.001736	0.006438	0.003142	0.003071	0.000404	-0.001319	0.001925	-0.003338	-0.001127	True
s6	-0.096148	-0.224093	-0.005983	0.058194	0.005153	0.000359	0.003323	-0.006635	-0.000744	0.004211	0.006391	0.002404	-0.006169	-0.002574	0.000021	0.001986	0.001526	0.001394	-0.002639	-0.000547	True
s8	-0.126904	-0.211710	-0.015873	0.063477	-0.007516	0.004264	-0.005449	0.005402	-0.005359	0.002069	-0.004738	-0.004859	-0.002169	0.004099	-0.000162	0.005879	0.001094	-0.006294	-0.001684	-0.000219	True
s9	-0.118362	0.008246	0.159465	-0.102541	0.002717	-0.000940	0.002773	-0.001514	0.001885	-0.008920	0.006694	0.000428	-0.003630	0.004760	-0.006090	-0.004001	-0.004176	0.005543	0.001590	-0.007262	True
s10	-0.097650	-0.215515	-0.015751	0.052770	-0.010355	0.005334	-0.002101	0.003486	-0.013985	0.000946	-0.003082	-0.002442	-0.006647	0.002209	0.003364	0.001110	-0.002470	0.001452	0.001322	0.004212	True
s13	-0.135867	-0.057936	-0.120985	-0.057533	0.000696	0.003634	-0.002150	-0.001132	0.004749	-0.001803	-0.005220	0.003538	-0.001484	0.002418	0.002215	-0.004132	0.002243	-0.000002	0.000771	0.003140	True
s14	-0.122111	-0.001979	0.151742	-0.109391	-0.000318	-0.008262	0.001664	0.000157	-0.002301	-0.003609	0.001143	-0.001179	-0.003900	0.002943	-0.003777	-0.001478	-0.001848	0.005038	0.001495	-0.003379	True
s16	-0.194345	0.336127	-0.001891	0.068036	0.000383	-0.000316	0.002363	0.000695	0.000826	0.006115	-0.001191	-0.002215	-0.001209	-0.003406	0.004794	-0.002212	0.007912	0.001594	-0.000590	0.000941	True
s17	-0.136857	-0.020803	-0.147987	-0.084815	0.005804	0.004652	-0.003773	-0.005403	-0.000252	0.002736	0.006705	-0.005048	0.003927	0.001980	0.000516	0.002151	-0.000835	0.000427	0.005793	-0.001361	True
s18	-0.122095	-0.211092	-0.014172	0.059466	-0.004466	0.000923	-0.004521	0.003392	-0.009530	0.000235	-0.002149	-0.000812	0.003641	0.001480	-0.000834	-0.001907	-0.001089	-0.003547	-0.003686	-0.001502	True
s19	-0.131692	-0.209311	-0.014329	0.062883	-0.012662	0.004093	-0.002792	-0.000299	-0.008355	0.006982	0.003457	0.001256	0.000764	-0.005304	-0.000322	0.000006	0.001969	-0.002152	-0.003918	-0.002316	True
s20	-0.123074	-0.213653	-0.010599	0.060833	-0.005885	0.002544	-0.004456	-0.005223	-0.002506	0.000724	-0.003248	0.001611	-0.004639	-0.000761	0.004303	-0.000338	-0.001353	0.003815	0.001303	-0.001092	True
s24	-0.128725	-0.205790	-0.016412	0.062738	-0.012450	-0.003047	-0.006161	0.006208	0.001684	0.001535	0.003073	-0.004418	0.005714	0.001014	-0.001034	0.002133	-0.003405	0.007813	-0.004297	0.005866	True
s26	-0.090896	-0.113333	-0.076400	-0.012535	0.010083	0.000628	0.000165	-0.006626	-0.000826	-0.000907	-0.003432	0.002345	-0.000139	0.003077	-0.002465	-0.002487	0.002175	0.000797	0.004329	-0.002610	True
s27	-0.119555	0.016410	0.155911	-0.105709	-0.000091	0.001559	-0.001201	0.005153	0.001626	-0.012842	0.004886	-0.000503	-0.000555	-0.002682	-0.007670	-0.002956	-0.005734	0.007061	0.002044	-0.009273	True
s28	0.512187	0.063727	-0.002474	-0.001633	-0.002028	0.004769	-0.001012	0.002917	-0.000332	-0.001106	0.001045	0.000624	-0.001949	-0.001210	0.000752	-0.000169	0.002728	-0.001243	-0.000237	-0.002562	True
s29	-0.124333	-0.212610	-0.012757	0.061277	-0.005881	0.002452	-0.007459	-0.001330	-0.002404	-0.000905	-0.003423	0.000852	-0.002248	0.005124	0.004465	0.001626	0.000628	0.000677	-0.000538	-0.000816	True
s30	-0.192790	0.334767	0.002445	0.067825	0.001629	0.000284	0.001160	0.001544	-0.000988	0.002625	-0.001189	-0.006157	0.000572	-0.001646	0.004271	-0.001518	0.007210	0.003701	0.001338	0.001076	True
s31	-0.124327	-0.205263	-0.016484	0.057392	-0.014081	0.001405	-0.005156	0.000480	-0.005231	0.008518	0.004572	0.007454	-0.000757	0.002651	0.000071	-0.007671	0.002214	-0.002110	0.000789	0.004642	True
s32	-0.119103	0.007534	0.150302	-0.111036	0.003268	0.001335	0.000246	-0.000239	0.001963	-0.006343	0.005773	-0.003560	-0.004246	0.003614	-0.004792	-0.001638	-0.007046	0.001661	0.002957	-0.004462	True
s33	-0.193892	0.341602	0.001471	0.066828	0.000821	0.001872	0.000950	0.001559	-0.002263	0.003540	-0.001417	-0.003691	0.003464	-0.002691	0.002804	0.001278	0.004038	-0.000503	-0.001330	-0.001200	True
s34	-0.193017	0.335808	0.002555	0.070969	0.000509	-0.000899	-0.000227	0.002949	0.001498	0.004329	-0.001354	0.001093	-0.002319	-0.001015	0.003486	-0.003761	0.005896	0.008125	0.001532	0.003471	True
s35	-0.127303	-0.214766	-0.011891	0.059244	-0.015083	-0.002250	0.001188	-0.000301	-0.004990	-0.007935	0.000535	0.000112	0.002893	0.000719	-0.002633	-0.003836	0.000942	-0.001001	-0.001508	0.003587	True
s36	-0.123598	-0.209867	-0.017135	0.060497	-0.004809	0.002809	-0.006649	-0.001384	-0.004228	0.006025	0.000860	0.006627	0.001123	0.001837	0.000476	-0.005067	-0.000341	-0.000072	0.001267	0.003050	True
s37	-0.122750	-0.210620	-0.018859	0.061626	-0.013553	0.001286	-0.001770	0.007089	-0.011131	0.005295	-0.001857	-0.004390	-0.000394	0.003685	0.001805	0.001155	0.002502	-0.003885	-0.001853	-0.002038	True
s38	0.500110	0.062163	-0.000306	-0.006781	-0.002342	0.005175	0.005949	-0.000278	0.000462	-0.006348	-0.002040	-0.000406	-0.008125	0.000122	-0.000198	-0.005898	-0.000461	-0.000107	-0.005892	-0.003354	True
s41	-0.130072	-0.214729	-0.014218	0.061370	-0.011700	0.000267	-0.005645	0.004351	-0.006845	0.005951	-0.010167	-0.002986	-0.001873	0.001344	-0.000363	0.000849	0.000628	-0.010378	-0.004509	0.000415	True
s42	-0.100636	-0.217120	-0.008739	0.062815	-0.006099	0.001165	0.001583	-0.000866	-0.008583	0.001806	0.002895	0.000080	-0.004832	-0.002972	0.002589	0.003929	-0.000883	-0.002714	0.001952	0.001194	True
s43	-0.096568	-0.216450	-0.010961	0.058027	-0.003515	0.002981	-0.000748	0.005476	-0.006726	0.001505	0.007357	-0.001684	0.000727	-0.002742	0.001031	0.008523	-0.002733	0.003132	-0.001521	0.001508	True
s46	-0.100476	-0.210898	-0.008697	0.057675	-0.012260	0.003802	-0.002992	0.005279	-0.010223	0.001606	0.000088	0.002701	-0.005391	-0.002735	0.005265	0.001579	-0.004061	0.001327	0.004604	0.006518	True
s47	-0.096663	-0.145182	-0.049614	0.017608	0.016654	0.000354	-0.000701	-0.010675	0.002231	-0.004102	-0.006328	-0.000109	0.001658	-0.000391	-0.001749	-0.003153	0.002259	-0.001080	0.006283	-0.001886	True
s48	-0.110695	-0.115909	-0.073029	-0.005909	0.015196	-0.000264	-0.000575	-0.000577	0.002822	0.002491	-0.007001	-0.000066	0.005968	0.000307	-0.001644	-0.003716	0.000539	-0.003151	0.003233	-0.002613	True
s49	0.503373	0.062876	0.001945	-0.009575	-0.004375	0.000989	-0.002562	0.000121	-0.000401	-0.002090	0.001705	0.000768	-0.005799	-0.005484	-0.002965	-0.005363	0.000175	-0.004724	-0.004553	-0.003023	True
s50	-0.140983	-0.095078	-0.095358	-0.024901	-0.003337	0.000632	-0.009375	-0.003224	0.003190	-0.002874	-0.000331	0.001129	-0.005979	0.002171	-0.002069	-0.005498	0.002741	-0.004672	-0.000601	0.001864	True
s51	-0.121878	-0.083630	-0.102436	-0.032132	0.016623	-0.003835	0.000346	0.002296	0.001473	0.000688	-0.002229	-0.006910	0.003521	-0.002006	-0.004936	-0.005256	-0.005515	0.000414	0.000454	0.001930	True
s52	-0.124165	-0.214680	-0.014747	0.060962	-0.003790	0.004989	-0.007357	0.001725	-0.005420	-0.000089	0.002717	0.001343	0.002663	0.000290	-0.000458	-0.001197	-0.001872	-0.003331	-0.000049	-0.000542	True
s53	-0.126310	-0.207680	-0.012798	0.064196	-0.014324	-0.001042	-0.005728	0.005483	-0.004584	0.006882	-0.000527	-0.003554	0.001169	-0.000567	-0.005483	0.006092	-0.004365	0.005392	-0.004319	0.006074	True
s54	-0.119603	-0.002979	0.150011	-0.105435	0.006358	0.000875	0.005539	-0.001658	-0.001025	-0.001678	0.003424	-0.005146	-0.001730	0.008404	-0.000956	-0.001702	-0.005328	0.002953	0.000878	-0.000634	True
s55	-0.126345	-0.210126	-0.007479	0.059348	-0.011956	0.002934	0.000535	-0.005428	-0.001474	-0.000786	0.000450	-0.001943	-0.002712	0.001048	-0.004516	-0.000829	0.002152	0.001695	0.007630	0.005847	True
s57	-0.099159	-0.147925	-0.045448	0.019447	0.013138	-0.000191	-0.000667	-0.000526	-0.000479	-0.003013	-0.006843	0.004370	0.002678	0.003355	-0.001999	-0.006955	0.003405	0.001203	0.002226	-0.006959	True
s58	-0.131493	-0.207438	-0.016681	0.058893	-0.016358	0.000605	-0.008554	0.005901	-0.000866	0.003672	0.004726	-0.003071	0.006289	0.006106	0.006086	-0.001812	0.000355	0.000500	0.001103	0.007939	True
s59	-0.098476	-0.216402	-0.011042	0.057595	-0.004076	0.001524	0.001203	0.001743	-0.014291	0.004676	0.001991	-0.001673	-0.000122	0.003626	0.005174	0.003923	-0.001150	-0.001473	0.004338	0.001252	True
s60	-0.124991	-0.212567	-0.008629	0.061423	-0.002311	0.000520	-0.000545	0.000568	-0.009013	0.002193	0.000448	0.003607	-0.000607	0.000600	-0.001714	0.002095	0.004079	-0.007062	-0.005800	0.005354	True
s61	-0.098333	-0.219316	-0.002935	0.063418	-0.004797	0.003166	-0.000299	-0.000755	-0.004635	0.007361	0.007074	0.000084	0.003644	-0.000019	-0.000394	0.005071	-0.000418	0.000028	0.000130	0.000678	True
s64	-0.128437	-0.209811	-0.012162	0.064362	-0.011525	0.004164	-0.005171	-0.000528	-0.008373	0.002448	-0.003699	-0.002323	0.000079	0.001371	-0.001092	0.001249	0.000706	-0.002189	-0.002669	0.005619	True
s66	-0.122667	-0.208215	-0.010583	0.061810	-0.005635	-0.000481	-0.004926	-0.000628	-0.002553	0.001761	0.002498	-0.000803	0.000968	0.001780	0.006394	0.003595	-0.001442	0.001600	0.001869	0.001569	True
s67	-0.116761	-0.003275	0.140509	-0.105439	0.002999	0.002218	0.007924	0.003642	0.006175	-0.005698	0.002778	-0.005467	-0.000903	0.004720	-0.001067	0.000344	-0.006252	0.001711	0.003908	-0.005807	True
s68	-0.122217	-0.002432	0.145610	-0.106620	-0.000872	-0.004944	0.002042	0.005288	0.002055	-0.005678	0.001812	-0.003731	-0.004621	0.005965	0.000279	0.002018	-0.005117	0.002988	0.002636	-0.004695	True
s69	-0.100060	-0.182763	-0.018098	0.049261	0.027804	0.001626	-0.000315	-0.004229	0.005186	-0.006251	-0.002405	0.002183	-0.000077	-0.001917	0.003548	-0.004264	0.000215	-0.005119	-0.000732	-0.007882	True
s73	-0.118403	-0.000824	0.141957	-0.106482	0.000925	-0.002294	0.001943	-0.001611	0.004804	-0.005178	0.005760	-0.001853	-0.003036	0.002954	0.000916	-0.003723	-0.005008	0.001628	0.001069	-0.002250	True
s74	0.502910	0.062941	-0.001980	-0.002430	-0.001711	0.005855	0.000942	0.002832	0.001247	-0.000756	0.001686	0.000303	-0.006532	-0.000546	0.000084	-0.003348	0.001287	-0.003858	-0.003461	-0.003488	True
s75	0.497337	0.063000	0.000605	-0.005099	-0.003832	0.004696	-0.000761	0.003758	0.004221	-0.002379	0.002016	-0.001021	-0.009081	0.001136	-0.000494	-0.002981	-0.002626	-0.003386	-0.006925	-0.002370	True
s76	-0.095952	-0.219239	-0.010032	0.052755	-0.010600	0.003710	-0.000871	0.004384	-0.007065	-0.004472	0.001091	-0.005009	-0.005869	0.002939	0.004057	0.003178	0.004235	0.000440	-0.002612	-0.001218	True
s77	-0.129446	-0.210374	-0.010657	0.058849	-0.008428	0.001162	-0.004789	0.001970	-0.008030	0.007030	0.002345	0.008055	0.006594	-0.009014	0.004951	-0.001973	0.003160	0.001246	-0.002063	0.004843	True
s78	-0.122583	-0.214011	-0.015373	0.059766	-0.013773	-0.000254	0.000244	0.001956	-0.008957	0.004149	0.001791	-0.002485	-0.006444	-0.000462	-0.002338	-0.005170	0.006839	-0.003851	-0.002961	0.001014	True
s79	0.512477	0.064426	-0.001332	-0.010291	-0.002998	0.002760	0.003111	-0.001533	-0.000747	-0.001670	-0.002570	-0.002217	-0.003633	-0.010287	-0.001509	-0.003239	0.002943	-0.003041	-0.006072	-0.009465	True
s82	-0.127652	-0.215856	-0.017625	0.066028	-0.014586	0.004330	-0.005543	0.004672	-0.006351	0.000786	0.007453	0.002467	-0.000512	-0.005535	-0.001959	-0.001219	0.001839	-0.004017	-0.002881	-0.003288	True
s83	-0.133001	-0.022794	-0.144255	-0.079020	0.002660	0.001223	-0.002626	-0.001940	0.005255	-0.000930	-0.001526	-0.000882	0.007480	0.001096	0.004425	0.002151	-0.005033	0.001081	-0.002817	-0.001848	True
s84	-0.101860	-0.215643	-0.007263	0.056668	-0.008859	0.003172	-0.004511	0.006090	-0.004231	0.001994	0.009223	0.004201	0.003854	0.001187	-0.001863	0.006622	0.000246	0.000537	-0.002906	0.007189	True
s85	-0.127672	-0.013066	-0.153910	-0.090877	0.004426	-0.000030	-0.003320	-0.001468	0.005351	-0.003390	-0.004256	-0.004529	0.002590	0.001342	0.005514	0.000920	-0.007845	0.004198	-0.005993	-0.002213	True
s87	-0.100068	-0.221211	-0.013681	0.056195	-0.020424	0.008612	-0.002727	0.003349	-0.012576	0.002924	-0.004916	0.005343	0.000448	0.000355	0.001619	0.001498	0.001350	-0.001515	0.005130	0.006550	True
s91	-0.193906	0.338108	0.000599	0.069875	-0.003632	0.000368	0.000066	-0.000491	0.002302	0.001158	0.000132	0.000856	-0.001933	-0.003513	0.005765	0.000092	0.005953	0.005760	0.000584	0.005207	True
s92	-0.101592	-0.219876	-0.009441	0.061424	-0.004928	0.002495	0.000238	-0.001736	-0.008754	0.005059	0.004002	0.006102	0.001065	0.003430	-0.000250	0.006631	-0.002890	0.000264	0.004463	0.004150	True
s93	-0.101588	-0.219864	-0.009437	0.061420	-0.004939	0.002499	0.000247	-0.001754	-0.008763	0.005067	0.003991	0.006085	0.001086	0.003439	-0.000229	0.006623	-0.002887	0.000257	0.004475	0.004156	True
s94	-0.194265	0.336148	-0.001930	0.068009	0.000398	-0.000344	0.002364	0.000657	0.000821	0.006059	-0.001225	-0.002169	-0.001225	-0.003366	0.004801	-0.002183	0.007956	0.001600	-0.000640	0.000937	True
s95	-0.116764	-0.003276	0.140511	-0.105440	0.002993	0.002213	0.007917	0.003648	0.006183	-0.005703	0.002774	-0.005463	-0.000912	0.004719	-0.001055	0.000333	-0.006251	0.001717	0.003912	-0.005801	True
