ID1	ID2	GRM	KING
s1	s2	-0.0612	0.0000
s1	s3	-0.0606	0.0000
s1	s4	-0.0568	0.0000
s1	s5	-0.0053	0.0000
s1	s6	-0.0777	0.0000
s1	s8	-0.0566	0.0000
s1	s9	0.0057	0.0000
s1	s10	-0.0839	0.0000
s1	s13	-0.0124	0.0000
s1	s14	-0.0012	0.0000
s1	s16	0.5345	0.2526
s1	s17	-0.0031	0.0000
s1	s18	-0.0592	0.0000
s1	s19	-0.0607	0.0000
s1	s20	-0.0591	0.0000
s1	s24	-0.0578	0.0000
s1	s26	-0.0376	0.0000
s1	s27	0.0124	0.0000
s1	s28	-0.0878	0.0000
s1	s29	-0.0618	0.0000
s1	s30	0.3315	0.1155
s1	s31	-0.0565	0.0000
s1	s32	0.0032	0.0000
s1	s33	0.1702	0.0000
s1	s34	0.5399	0.2526
s1	s35	-0.0607	0.0000
s1	s36	-0.0583	0.0000
s1	s37	-0.0607	0.0000
s1	s38	-0.0839	0.0000
s1	s41	-0.0593	0.0000
s1	s42	-0.0841	0.0000
s1	s43	-0.0844	0.0000
s1	s46	-0.0852	0.0000
s1	s47	-0.0511	0.0000
s1	s48	-0.0388	0.0000
s1	s49	-0.0822	0.0000
s1	s50	-0.0182	0.0000
s1	s51	-0.0191	0.0000
s1	s52	-0.0615	0.0000
s1	s53	-0.0574	0.0000
s1	s54	-0.0001	0.0000
s1	s55	-0.0620	0.0000
s1	s57	-0.0515	0.0000
s1	s58	-0.0604	0.0000
s1	s59	-0.0861	0.0000
s1	s60	-0.0580	0.0000
s1	s61	-0.0827	0.0000
s1	s64	-0.0575	0.0000
s1	s66	-0.0600	0.0000
s1	s67	-0.0031	0.0000
s1	s68	-0.0036	0.0000
s1	s69	-0.0598	0.0000
s1	s73	-0.0045	0.0000
s1	s74	-0.0857	0.0000
s1	s75	-0.0820	0.0000
s1	s76	-0.0761	0.0000
s1	s77	-0.0596	0.0000
s1	s78	-0.0588	0.0000
s1	s79	-0.0836	0.0000
s1	s82	-0.0600	0.0000
s1	s83	-0.0024	0.0000
s1	s84	-0.0709	0.0000
s1	s85	0.0018	0.0000
s1	s87	-0.0746	0.0000
s1	s91	0.1573	0.0000
s1	s92	-0.0855	0.0000
s1	s93	-0.0855	0.0000
s1	s94	0.5345	0.2526
s1	s95	-0.0031	0.0000
s2	s3	0.0722	0.0000
s2	s4	0.0684	0.0000
s2	s5	0.0077	0.0000
s2	s6	0.0672	0.0000
s2	s8	0.0685	0.0000
s2	s9	-0.0094	0.0000
s2	s10	0.0604	0.0000
s2	s13	0.0159	0.0000
s2	s14	-0.0066	0.0000
s2	s16	-0.0616	0.0000
s2	s17	0.0051	0.0000
s2	s18	0.5527	0.2519
s2	s19	0.0670	0.0000
s2	s20	0.0688	0.0000
s2	s24	0.0698	0.0000
s2	s26	0.0335	0.0000
s2	s27	-0.0132	0.0000
s2	s28	-0.0871	0.0000
s2	s29	0.0668	0.0000
s2	s30	-0.0626	0.0000
s2	s31	0.0696	0.0000
s2	s32	-0.0079	0.0000
s2	s33	-0.0596	0.0000
s2	s34	-0.0620	0.0000
s2	s35	0.0700	0.0000
s2	s36	0.0662	0.0000
s2	s37	0.0666	0.0000
s2	s38	-0.0933	0.0000
s2	s41	0.0694	0.0000
s2	s42	0.0605	0.0000
s2	s43	0.0596	0.0000
s2	s46	0.0579	0.0000
s2	s47	0.0394	0.0000
s2	s48	0.0357	0.0000
s2	s49	-0.0889	0.0000
s2	s50	0.0353	0.0000
s2	s51	0.0277	0.0000
s2	s52	0.0737	0.0000
s2	s53	0.0689	0.0000
s2	s54	-0.0068	0.0000
s2	s55	0.0676	0.0000
s2	s57	0.0436	0.0000
s2	s58	0.0701	0.0000
s2	s59	0.0624	0.0000
s2	s60	0.0729	0.0000
s2	s61	0.0608	0.0000
s2	s64	0.0677	0.0000
s2	s66	0.0680	0.0000
s2	s67	-0.0141	0.0000
s2	s68	-0.0112	0.0000
s2	s69	0.0537	0.0000
s2	s73	-0.0123	0.0000
s2	s74	-0.0928	0.0000
s2	s75	-0.0891	0.0000
s2	s76	0.0614	0.0000
s2	s77	0.0757	0.0000
s2	s78	0.0710	0.0000
s2	s79	-0.0867	0.0000
s2	s82	0.0696	0.0000
s2	s83	0.0065	0.0000
s2	s84	0.0654	0.0000
s2	s85	0.0093	0.0000
s2	s87	0.0722	0.0000
s2	s91	-0.0587	0.0000
s2	s92	0.0552	0.0000
s2	s93	0.0552	0.0000
s2	s94	-0.0616	0.0000
s2	s95	-0.0141	0.0000
s3	s4	0.0671	0.0000
s3	s5	0.0079	0.0000
s3	s6	0.0645	0.0000
s3	s8	0.0698	0.0000
s3	s9	-0.0112	0.0000
s3	s10	0.0496	0.0000
s3	s13	0.0196	0.0000
s3	s14	-0.0073	0.0000
s3	s16	-0.0608	0.0000
s3	s17	0.0084	0.0000
s3	s18	0.0736	0.0000
s3	s19	0.0691	0.0000
s3	s20	0.0678	0.0000
s3	s24	0.0706	0.0000
s3	s26	0.0301	0.0000
s3	s27	-0.0109	0.0000
s3	s28	-0.0905	0.0000
s3	s29	0.0765	0.0000
s3	s30	-0.0611	0.0000
s3	s31	0.0713	0.0000
s3	s32	-0.0106	0.0000
s3	s33	-0.0588	0.0000
s3	s34	-0.0601	0.0000
s3	s35	0.0720	0.0000
s3	s36	0.0707	0.0000
s3	s37	0.0677	0.0000
s3	s38	-0.0939	0.0000
s3	s41	0.0732	0.0000
s3	s42	0.0545	0.0000
s3	s43	0.0472	0.0000
s3	s46	0.0502	0.0000
s3	s47	0.0362	0.0000
s3	s48	0.0335	0.0000
s3	s49	-0.0936	0.0000
s3	s50	0.0399	0.0000
s3	s51	0.0253	0.0000
s3	s52	0.0756	0.0000
s3	s53	0.0706	0.0000
s3	s54	-0.0067	0.0000
s3	s55	0.0677	0.0000
s3	s57	0.0392	0.0000
s3	s58	0.0780	0.0000
s3	s59	0.0491	0.0000
s3	s60	0.5692	0.2522
s3	s61	0.0541	0.0000
s3	s64	0.0685	0.0000
s3	s66	0.5593	0.2505
s3	s67	-0.0115	0.0000
s3	s68	-0.0127	0.0000
s3	s69	0.0507	0.0000
s3	s73	-0.0071	0.0000
s3	s74	-0.0941	0.0000
s3	s75	-0.0907	0.0000
s3	s76	0.0577	0.0000
s3	s77	0.0744	0.0000
s3	s78	0.0719	0.0000
s3	s79	-0.0928	0.0000
s3	s82	0.0739	0.0000
s3	s83	0.0102	0.0000
s3	s84	0.0611	0.0000
s3	s85	0.0065	0.0000
s3	s87	0.0631	0.0000
s3	s91	-0.0610	0.0000
s3	s92	0.0467	0.0000
s3	s93	0.0467	0.0000
s3	s94	-0.0608	0.0000
s3	s95	-0.0115	0.0000
s4	s5	0.0093	0.0000
s4	s6	0.0611	0.0000
s4	s8	0.0659	0.0000
s4	s9	-0.0076	0.0000
s4	s10	0.0518	0.0000
s4	s13	0.0196	0.0000
s4	s14	-0.0029	0.0000
s4	s16	-0.0636	0.0000
s4	s17	0.0134	0.0000
s4	s18	0.0694	0.0000
s4	s19	0.0703	0.0000
s4	s20	0.0704	0.0000
s4	s24	0.0668	0.0000
s4	s26	0.0311	0.0000
s4	s27	-0.0085	0.0000
s4	s28	-0.0925	0.0000
s4	s29	0.0717	0.0000
s4	s30	-0.0584	0.0000
s4	s31	0.0697	0.0000
s4	s32	-0.0051	0.0000
s4	s33	-0.0555	0.0000
s4	s34	-0.0591	0.0000
s4	s35	0.0754	0.0000
s4	s36	0.0667	0.0000
s4	s37	0.0623	0.0000
s4	s38	-0.0924	0.0000
s4	s41	0.0665	0.0000
s4	s42	0.0465	0.0000
s4	s43	0.0542	0.0000
s4	s46	0.0503	0.0000
s4	s47	0.0426	0.0000
s4	s48	0.0358	0.0000
s4	s49	-0.0890	0.0000
s4	s50	0.0400	0.0000
s4	s51	0.0276	0.0000
s4	s52	0.0730	0.0000
s4	s53	0.0671	0.0000
s4	s54	-0.0056	0.0000
s4	s55	0.0755	0.0000
s4	s57	0.0425	0.0000
s4	s58	0.0709	0.0000
s4	s59	0.0449	0.0000
s4	s60	0.0609	0.0000
s4	s61	0.0532	0.0000
s4	s64	0.5582	0.2516
s4	s66	0.0759	0.0000
s4	s67	-0.0053	0.0000
s4	s68	-0.0036	0.0000
s4	s69	0.0549	0.0000
s4	s73	-0.0051	0.0000
s4	s74	-0.0925	0.0000
s4	s75	-0.0900	0.0000
s4	s76	0.0622	0.0000
s4	s77	0.0755	0.0000
s4	s78	0.0700	0.0000
s4	s79	-0.0892	0.0000
s4	s82	0.0722	0.0000
s4	s83	0.0100	0.0000
s4	s84	0.0673	0.0000
s4	s85	0.0068	0.0000
s4	s87	0.0609	0.0000
s4	s91	-0.0607	0.0000
s4	s92	0.0435	0.0000
s4	s93	0.0435	0.0000
s4	s94	-0.0636	0.0000
s4	s95	-0.0052	0.0000
s5	s6	-0.0046	0.0000
s5	s8	0.0120	0.0000
s5	s9	-0.0178	0.0000
s5	s10	-0.0122	0.0000
s5	s13	0.4957	0.2485
s5	s14	-0.0071	0.0000
s5	s16	-0.0072	0.0000
s5	s17	0.5083	0.2491
s5	s18	0.0041	0.0000
s5	s19	0.0042	0.0000
s5	s20	0.0056	0.0000
s5	s24	0.0043	0.0000
s5	s26	0.0125	0.0000
s5	s27	-0.0140	0.0000
s5	s28	-0.0760	0.0000
s5	s29	0.0042	0.0000
s5	s30	-0.0067	0.0000
s5	s31	0.0107	0.0000
s5	s32	-0.0138	0.0000
s5	s33	-0.0022	0.0000
s5	s34	-0.0078	0.0000
s5	s35	0.0058	0.0000
s5	s36	0.0044	0.0000
s5	s37	0.0123	0.0000
s5	s38	-0.0808	0.0000
s5	s41	0.0055	0.0000
s5	s42	-0.0173	0.0000
s5	s43	-0.0099	0.0000
s5	s46	-0.0133	0.0000
s5	s47	0.0099	0.0000
s5	s48	0.0214	0.0000
s5	s49	-0.0811	0.0000
s5	s50	0.0315	0.0000
s5	s51	0.0294	0.0000
s5	s52	0.0033	0.0000
s5	s53	0.0029	0.0000
s5	s54	-0.0088	0.0000
s5	s55	0.0058	0.0000
s5	s57	0.0084	0.0000
s5	s58	0.0063	0.0000
s5	s59	-0.0117	0.0000
s5	s60	0.0099	0.0000
s5	s61	-0.0100	0.0000
s5	s64	0.0071	0.0000
s5	s66	0.0092	0.0000
s5	s67	-0.0170	0.0000
s5	s68	-0.0148	0.0000
s5	s69	0.0100	0.0000
s5	s73	-0.0168	0.0000
s5	s74	-0.0824	0.0000
s5	s75	-0.0782	0.0000
s5	s76	-0.0042	0.0000
s5	s77	0.0033	0.0000
s5	s78	0.0103	0.0000
s5	s79	-0.0804	0.0000
s5	s82	0.0065	0.0000
s5	s83	0.5273	0.2624
s5	s84	0.0008	0.0000
s5	s85	0.5137	0.2523
s5	s87	-0.0007	0.0000
s5	s91	-0.0061	0.0000
s5	s92	-0.0186	0.0000
s5	s93	-0.0186	0.0000
s5	s94	-0.0072	0.0000
s5	s95	-0.0170	0.0000
s6	s8	0.0672	0.0000
s6	s9	-0.0154	0.0000
s6	s10	-0.0143	0.0000
s6	s13	0.0110	0.0000
s6	s14	-0.0108	0.0000
s6	s16	-0.0825	0.0000
s6	s17	-0.0044	0.0000
s6	s18	0.0666	0.0000
s6	s19	0.0590	0.0000
s6	s20	0.0688	0.0000
s6	s24	0.0604	0.0000
s6	s26	0.0316	0.0000
s6	s27	-0.0229	0.0000
s6	s28	-0.0797	0.0000
s6	s29	0.0710	0.0000
s6	s30	-0.0798	0.0000
s6	s31	0.0638	0.0000
s6	s32	-0.0205	0.0000
s6	s33	-0.0763	0.0000
s6	s34	-0.0791	0.0000
s6	s35	0.0665	0.0000
s6	s36	0.0651	0.0000
s6	s37	0.0624	0.0000
s6	s38	-0.0823	0.0000
s6	s41	0.0660	0.0000
s6	s42	0.3448	0.1445
s6	s43	0.2817	0.1175
s6	s46	0.2550	0.1050
s6	s47	0.0394	0.0000
s6	s48	0.0262	0.0000
s6	s49	-0.0839	0.0000
s6	s50	0.0319	0.0000
s6	s51	0.0168	0.0000
s6	s52	0.0715	0.0000
s6	s53	0.0539	0.0000
s6	s54	-0.0117	0.0000
s6	s55	0.0636	0.0000
s6	s57	0.0435	0.0000
s6	s58	0.0647	0.0000
s6	s59	0.3290	0.1379
s6	s60	0.0661	0.0000
s6	s61	0.6198	0.2490
s6	s64	0.0617	0.0000
s6	s66	0.0671	0.0000
s6	s67	-0.0141	0.0000
s6	s68	-0.0197	0.0000
s6	s69	0.0510	0.0000
s6	s73	-0.0161	0.0000
s6	s74	-0.0825	0.0000
s6	s75	-0.0829	0.0000
s6	s76	-0.0058	0.0000
s6	s77	0.0593	0.0000
s6	s78	0.0641	0.0000
s6	s79	-0.0827	0.0000
s6	s82	0.0670	0.0000
s6	s83	-0.0033	0.0000
s6	s84	-0.0041	0.0000
s6	s85	-0.0033	0.0000
s6	s87	0.0021	0.0000
s6	s91	-0.0796	0.0000
s6	s92	0.2739	0.1172
s6	s93	0.2739	0.1172
s6	s94	-0.0825	0.0000
s6	s95	-0.0141	0.0000
s8	s9	-0.0127	0.0000
s8	s10	0.0490	0.0000
s8	s13	0.0268	0.0000
s8	s14	-0.0104	0.0000
s8	s16	-0.0599	0.0000
s8	s17	0.0105	0.0000
s8	s18	0.0718	0.0000
s8	s19	0.0679	0.0000
s8	s20	0.0733	0.0000
s8	s24	0.0661	0.0000
s8	s26	0.0304	0.0000
s8	s27	-0.0135	0.0000
s8	s28	-0.0870	0.0000
s8	s29	0.0761	0.0000
s8	s30	-0.0587	0.0000
s8	s31	0.0701	0.0000
s8	s32	-0.0144	0.0000
s8	s33	-0.0583	0.0000
s8	s34	-0.0571	0.0000
s8	s35	0.0730	0.0000
s8	s36	0.0715	0.0000
s8	s37	0.5654	0.2513
s8	s38	-0.0922	0.0000
s8	s41	0.0753	0.0000
s8	s42	0.0471	0.0000
s8	s43	0.0480	0.0000
s8	s46	0.0516	0.0000
s8	s47	0.0447	0.0000
s8	s48	0.0310	0.0000
s8	s49	-0.0956	0.0000
s8	s50	0.0337	0.0000
s8	s51	0.0236	0.0000
s8	s52	0.0783	0.0000
s8	s53	0.0690	0.0000
s8	s54	-0.0066	0.0000
s8	s55	0.0714	0.0000
s8	s57	0.0431	0.0000
s8	s58	0.0703	0.0000
s8	s59	0.0494	0.0000
s8	s60	0.0724	0.0000
s8	s61	0.0537	0.0000
s8	s64	0.0740	0.0000
s8	s66	0.0739	0.0000
s8	s67	-0.0131	0.0000
s8	s68	-0.0088	0.0000
s8	s69	0.0581	0.0000
s8	s73	-0.0139	0.0000
s8	s74	-0.0919	0.0000
s8	s75	-0.0930	0.0000
s8	s76	0.0631	0.0000
s8	s77	0.0709	0.0000
s8	s78	0.0782	0.0000
s8	s79	-0.0945	0.0000
s8	s82	0.0734	0.0000
s8	s83	0.0105	0.0000
s8	s84	0.0621	0.0000
s8	s85	0.0094	0.0000
s8	s87	0.0670	0.0000
s8	s91	-0.0575	0.0000
s8	s92	0.0444	0.0000
s8	s93	0.0444	0.0000
s8	s94	-0.0599	0.0000
s8	s95	-0.0131	0.0000
s9	s10	-0.0236	0.0000
s9	s13	-0.0197	0.0000
s9	s14	0.0562	0.0000
s9	s16	0.0014	0.0000
s9	s17	-0.0154	0.0000
s9	s18	-0.0124	0.0000
s9	s19	-0.0094	0.0000
s9	s20	-0.0114	0.0000
s9	s24	-0.0109	0.0000
s9	s26	-0.0163	0.0000
s9	s27	0.5205	0.2510
s9	s28	-0.0652	0.0000
s9	s29	-0.0107	0.0000
s9	s30	0.0062	0.0000
s9	s31	-0.0171	0.0000
s9	s32	0.4701	0.2271
s9	s33	0.0113	0.0000
s9	s34	0.0070	0.0000
s9	s35	-0.0123	0.0000
s9	s36	-0.0117	0.0000
s9	s37	-0.0149	0.0000
s9	s38	-0.0675	0.0000
s9	s41	-0.0185	0.0000
s9	s42	-0.0248	0.0000
s9	s43	-0.0243	0.0000
s9	s46	-0.0239	0.0000
s9	s47	-0.0168	0.0000
s9	s48	-0.0175	0.0000
s9	s49	-0.0713	0.0000
s9	s50	-0.0117	0.0000
s9	s51	-0.0099	0.0000
s9	s52	-0.0088	0.0000
s9	s53	-0.0077	0.0000
s9	s54	0.5248	0.2469
s9	s55	-0.0161	0.0000
s9	s57	-0.0173	0.0000
s9	s58	-0.0121	0.0000
s9	s59	-0.0263	0.0000
s9	s60	-0.0050	0.0000
s9	s61	-0.0246	0.0000
s9	s64	-0.0174	0.0000
s9	s66	-0.0129	0.0000
s9	s67	0.0461	0.0000
s9	s68	0.0467	0.0000
s9	s69	-0.0090	0.0000
s9	s73	0.0496	0.0000
s9	s74	-0.0698	0.0000
s9	s75	-0.0699	0.0000
s9	s76	-0.0124	0.0000
s9	s77	-0.0099	0.0000
s9	s78	-0.0114	0.0000
s9	s79	-0.0694	0.0000
s9	s82	-0.0100	0.0000
s9	s83	-0.0179	0.0000
s9	s84	-0.0159	0.0000
s9	s85	-0.0128	0.0000
s9	s87	-0.0152	0.0000
s9	s91	0.0075	0.0000
s9	s92	-0.0304	0.0000
s9	s93	-0.0305	0.0000
s9	s94	0.0014	0.0000
s9	s95	0.0461	0.0000
s10	s13	0.0084	0.0000
s10	s14	-0.0226	0.0000
s10	s16	-0.0831	0.0000
s10	s17	-0.0070	0.0000
s10	s18	0.0526	0.0000
s10	s19	0.0552	0.0000
s10	s20	0.0522	0.0000
s10	s24	0.0715	0.0000
s10	s26	0.0163	0.0000
s10	s27	-0.0270	0.0000
s10	s28	-0.0912	0.0000
s10	s29	0.0567	0.0000
s10	s30	-0.0817	0.0000
s10	s31	0.0584	0.0000
s10	s32	-0.0251	0.0000
s10	s33	-0.0799	0.0000
s10	s34	-0.0833	0.0000
s10	s35	0.0568	0.0000
s10	s36	0.0612	0.0000
s10	s37	0.0471	0.0000
s10	s38	-0.0889	0.0000
s10	s41	0.0515	0.0000
s10	s42	0.5962	0.2451
s10	s43	0.6027	0.2454
s10	s46	0.6013	0.2452
s10	s47	0.0246	0.0000
s10	s48	0.0130	0.0000
s10	s49	-0.0947	0.0000
s10	s50	0.0251	0.0000
s10	s51	0.0112	0.0000
s10	s52	0.0626	0.0000
s10	s53	0.0791	0.0000
s10	s54	-0.0232	0.0000
s10	s55	0.0539	0.0000
s10	s57	0.0250	0.0000
s10	s58	0.0552	0.0000
s10	s59	0.6023	0.2473
s10	s60	0.0525	0.0000
s10	s61	-0.0286	0.0000
s10	s64	0.0493	0.0000
s10	s66	0.0505	0.0000
s10	s67	-0.0221	0.0000
s10	s68	-0.0197	0.0000
s10	s69	0.0396	0.0000
s10	s73	-0.0228	0.0000
s10	s74	-0.0927	0.0000
s10	s75	-0.0896	0.0000
s10	s76	0.6188	0.2491
s10	s77	0.0565	0.0000
s10	s78	0.0510	0.0000
s10	s79	-0.0924	0.0000
s10	s82	0.0526	0.0000
s10	s83	-0.0080	0.0000
s10	s84	-0.0133	0.0000
s10	s85	-0.0155	0.0000
s10	s87	0.6172	0.2483
s10	s91	-0.0820	0.0000
s10	s92	0.6004	0.2471
s10	s93	0.6004	0.2471
s10	s94	-0.0831	0.0000
s10	s95	-0.0221	0.0000
s13	s14	-0.0092	0.0000
s13	s16	-0.0161	0.0000
s13	s17	0.2129	0.0903
s13	s18	0.0175	0.0000
s13	s19	0.0171	0.0000
s13	s20	0.0172	0.0000
s13	s24	0.0175	0.0000
s13	s26	0.0129	0.0000
s13	s27	-0.0158	0.0000
s13	s28	-0.0844	0.0000
s13	s29	0.0152	0.0000
s13	s30	-0.0146	0.0000
s13	s31	0.0192	0.0000
s13	s32	-0.0124	0.0000
s13	s33	-0.0125	0.0000
s13	s34	-0.0160	0.0000
s13	s35	0.0242	0.0000
s13	s36	0.0174	0.0000
s13	s37	0.0228	0.0000
s13	s38	-0.0868	0.0000
s13	s41	0.0182	0.0000
s13	s42	-0.0013	0.0000
s13	s43	0.0057	0.0000
s13	s46	0.0015	0.0000
s13	s47	0.0114	0.0000
s13	s48	0.0253	0.0000
s13	s49	-0.0877	0.0000
s13	s50	0.5014	0.2535
s13	s51	0.0358	0.0000
s13	s52	0.0226	0.0000
s13	s53	0.0172	0.0000
s13	s54	-0.0085	0.0000
s13	s55	0.0201	0.0000
s13	s57	0.0102	0.0000
s13	s58	0.0162	0.0000
s13	s59	0.0033	0.0000
s13	s60	0.0217	0.0000
s13	s61	-0.0016	0.0000
s13	s64	0.0190	0.0000
s13	s66	0.0221	0.0000
s13	s67	-0.0159	0.0000
s13	s68	-0.0112	0.0000
s13	s69	0.0155	0.0000
s13	s73	-0.0188	0.0000
s13	s74	-0.0891	0.0000
s13	s75	-0.0858	0.0000
s13	s76	0.0114	0.0000
s13	s77	0.0148	0.0000
s13	s78	0.0213	0.0000
s13	s79	-0.0881	0.0000
s13	s82	0.0188	0.0000
s13	s83	0.2697	0.1248
s13	s84	0.0102	0.0000
s13	s85	0.3290	0.1555
s13	s87	0.0115	0.0000
s13	s91	-0.0133	0.0000
s13	s92	-0.0024	0.0000
s13	s93	-0.0024	0.0000
s13	s94	-0.0161	0.0000
s13	s95	-0.0159	0.0000
s14	s16	-0.0016	0.0000
s14	s17	-0.0053	0.0000
s14	s18	-0.0087	0.0000
s14	s19	-0.0069	0.0000
s14	s20	-0.0058	0.0000
s14	s24	-0.0053	0.0000
s14	s26	-0.0142	0.0000
s14	s27	0.0590	0.0000
s14	s28	-0.0690	0.0000
s14	s29	-0.0082	0.0000
s14	s30	0.0032	0.0000
s14	s31	-0.0093	0.0000
s14	s32	0.0544	0.0000
s14	s33	0.0099	0.0000
s14	s34	-0.0033	0.0000
s14	s35	-0.0043	0.0000
s14	s36	-0.0102	0.0000
s14	s37	-0.0096	0.0000
s14	s38	-0.0717	0.0000
s14	s41	-0.0058	0.0000
s14	s42	-0.0238	0.0000
s14	s43	-0.0231	0.0000
s14	s46	-0.0235	0.0000
s14	s47	-0.0158	0.0000
s14	s48	-0.0149	0.0000
s14	s49	-0.0714	0.0000
s14	s50	-0.0070	0.0000
s14	s51	-0.0111	0.0000
s14	s52	-0.0082	0.0000
s14	s53	-0.0040	0.0000
s14	s54	0.0577	0.0000
s14	s55	-0.0075	0.0000
s14	s57	-0.0129	0.0000
s14	s58	-0.0058	0.0000
s14	s59	-0.0240	0.0000
s14	s60	-0.0064	0.0000
s14	s61	-0.0186	0.0000
s14	s64	-0.0066	0.0000
s14	s66	-0.0046	0.0000
s14	s67	0.0492	0.0000
s14	s68	0.5138	0.2464
s14	s69	-0.0120	0.0000
s14	s73	0.5101	0.2461
s14	s74	-0.0722	0.0000
s14	s75	-0.0716	0.0000
s14	s76	-0.0146	0.0000
s14	s77	-0.0018	0.0000
s14	s78	-0.0072	0.0000
s14	s79	-0.0715	0.0000
s14	s82	-0.0108	0.0000
s14	s83	-0.0046	0.0000
s14	s84	-0.0147	0.0000
s14	s85	-0.0045	0.0000
s14	s87	-0.0161	0.0000
s14	s91	0.0049	0.0000
s14	s92	-0.0258	0.0000
s14	s93	-0.0258	0.0000
s14	s94	-0.0016	0.0000
s14	s95	0.0492	0.0000
s16	s17	-0.0058	0.0000
s16	s18	-0.0649	0.0000
s16	s19	-0.0611	0.0000
s16	s20	-0.0606	0.0000
s16	s24	-0.0575	0.0000
s16	s26	-0.0418	0.0000
s16	s27	0.0083	0.0000
s16	s28	-0.0908	0.0000
s16	s29	-0.0649	0.0000
s16	s30	0.5398	0.2548
s16	s31	-0.0609	0.0000
s16	s32	0.0004	0.0000
s16	s33	0.1665	0.0000
s16	s34	0.5445	0.2612
s16	s35	-0.0642	0.0000
s16	s36	-0.0629	0.0000
s16	s37	-0.0604	0.0000
s16	s38	-0.0909	0.0000
s16	s41	-0.0645	0.0000
s16	s42	-0.0833	0.0000
s16	s43	-0.0820	0.0000
s16	s46	-0.0850	0.0000
s16	s47	-0.0540	0.0000
s16	s48	-0.0379	0.0000
s16	s49	-0.0891	0.0000
s16	s50	-0.0236	0.0000
s16	s51	-0.0194	0.0000
s16	s52	-0.0643	0.0000
s16	s53	-0.0627	0.0000
s16	s54	-0.0028	0.0000
s16	s55	-0.0646	0.0000
s16	s57	-0.0557	0.0000
s16	s58	-0.0579	0.0000
s16	s59	-0.0846	0.0000
s16	s60	-0.0627	0.0000
s16	s61	-0.0825	0.0000
s16	s64	-0.0646	0.0000
s16	s66	-0.0630	0.0000
s16	s67	-0.0044	0.0000
s16	s68	-0.0061	0.0000
s16	s69	-0.0601	0.0000
s16	s73	-0.0061	0.0000
s16	s74	-0.0917	0.0000
s16	s75	-0.0886	0.0000
s16	s76	-0.0788	0.0000
s16	s77	-0.0607	0.0000
s16	s78	-0.0604	0.0000
s16	s79	-0.0878	0.0000
s16	s82	-0.0629	0.0000
s16	s83	-0.0051	0.0000
s16	s84	-0.0722	0.0000
s16	s85	-0.0030	0.0000
s16	s87	-0.0739	0.0000
s16	s91	0.5391	0.2493
s16	s92	-0.0814	0.0000
s16	s93	-0.0814	0.0000
s16	s94	0.9131	0.5000
s16	s95	-0.0044	0.0000
s17	s18	0.0042	0.0000
s17	s19	0.0098	0.0000
s17	s20	0.0089	0.0000
s17	s24	0.0091	0.0000
s17	s26	0.0222	0.0000
s17	s27	-0.0085	0.0000
s17	s28	-0.0765	0.0000
s17	s29	0.0049	0.0000
s17	s30	-0.0014	0.0000
s17	s31	0.0141	0.0000
s17	s32	-0.0110	0.0000
s17	s33	0.0070	0.0000
s17	s34	-0.0050	0.0000
s17	s35	0.0119	0.0000
s17	s36	0.0075	0.0000
s17	s37	0.0113	0.0000
s17	s38	-0.0810	0.0000
s17	s41	0.0104	0.0000
s17	s42	-0.0132	0.0000
s17	s43	-0.0121	0.0000
s17	s46	-0.0105	0.0000
s17	s47	0.0125	0.0000
s17	s48	0.0183	0.0000
s17	s49	-0.0861	0.0000
s17	s50	0.0368	0.0000
s17	s51	0.0308	0.0000
s17	s52	0.0069	0.0000
s17	s53	0.0071	0.0000
s17	s54	-0.0084	0.0000
s17	s55	0.0089	0.0000
s17	s57	0.0095	0.0000
s17	s58	0.0114	0.0000
s17	s59	-0.0104	0.0000
s17	s60	0.0112	0.0000
s17	s61	-0.0128	0.0000
s17	s64	0.0115	0.0000
s17	s66	0.0073	0.0000
s17	s67	-0.0138	0.0000
s17	s68	-0.0117	0.0000
s17	s69	0.0057	0.0000
s17	s73	-0.0099	0.0000
s17	s74	-0.0808	0.0000
s17	s75	-0.0818	0.0000
s17	s76	-0.0014	0.0000
s17	s77	0.0108	0.0000
s17	s78	0.0140	0.0000
s17	s79	-0.0809	0.0000
s17	s82	0.0111	0.0000
s17	s83	0.5068	0.2481
s17	s84	0.0025	0.0000
s17	s85	0.0490	0.0000
s17	s87	0.0019	0.0000
s17	s91	-0.0001	0.0000
s17	s92	-0.0105	0.0000
s17	s93	-0.0105	0.0000
s17	s94	-0.0058	0.0000
s17	s95	-0.0138	0.0000
s18	s19	0.0647	0.0000
s18	s20	0.0682	0.0000
s18	s24	0.0698	0.0000
s18	s26	0.0357	0.0000
s18	s27	-0.0115	0.0000
s18	s28	-0.0921	0.0000
s18	s29	0.5604	0.2515
s18	s30	-0.0637	0.0000
s18	s31	0.0702	0.0000
s18	s32	-0.0099	0.0000
s18	s33	-0.0601	0.0000
s18	s34	-0.0605	0.0000
s18	s35	0.0712	0.0000
s18	s36	0.0660	0.0000
s18	s37	0.0655	0.0000
s18	s38	-0.0949	0.0000
s18	s41	0.0678	0.0000
s18	s42	0.0474	0.0000
s18	s43	0.0475	0.0000
s18	s46	0.0487	0.0000
s18	s47	0.0419	0.0000
s18	s48	0.0350	0.0000
s18	s49	-0.0942	0.0000
s18	s50	0.0369	0.0000
s18	s51	0.0215	0.0000
s18	s52	0.0641	0.0000
s18	s53	0.0725	0.0000
s18	s54	-0.0117	0.0000
s18	s55	0.0692	0.0000
s18	s57	0.0486	0.0000
s18	s58	0.0712	0.0000
s18	s59	0.0525	0.0000
s18	s60	0.0733	0.0000
s18	s61	0.0508	0.0000
s18	s64	0.0676	0.0000
s18	s66	0.0723	0.0000
s18	s67	-0.0135	0.0000
s18	s68	-0.0111	0.0000
s18	s69	0.0526	0.0000
s18	s73	-0.0191	0.0000
s18	s74	-0.0939	0.0000
s18	s75	-0.0922	0.0000
s18	s76	0.0616	0.0000
s18	s77	0.0706	0.0000
s18	s78	0.0700	0.0000
s18	s79	-0.0917	0.0000
s18	s82	0.0687	0.0000
s18	s83	0.0086	0.0000
s18	s84	0.0617	0.0000
s18	s85	0.0062	0.0000
s18	s87	0.0663	0.0000
s18	s91	-0.0614	0.0000
s18	s92	0.0449	0.0000
s18	s93	0.0449	0.0000
s18	s94	-0.0649	0.0000
s18	s95	-0.0134	0.0000
s19	s20	0.0653	0.0000
s19	s24	0.0651	0.0000
s19	s26	0.0310	0.0000
s19	s27	-0.0096	0.0000
s19	s28	-0.0941	0.0000
s19	s29	0.0674	0.0000
s19	s30	-0.0565	0.0000
s19	s31	0.0667	0.0000
s19	s32	-0.0105	0.0000
s19	s33	-0.0563	0.0000
s19	s34	-0.0581	0.0000
s19	s35	0.0712	0.0000
s19	s36	0.0728	0.0000
s19	s37	0.0636	0.0000
s19	s38	-0.0971	0.0000
s19	s41	0.0808	0.0000
s19	s42	0.0539	0.0000
s19	s43	0.0467	0.0000
s19	s46	0.0452	0.0000
s19	s47	0.0366	0.0000
s19	s48	0.0324	0.0000
s19	s49	-0.0988	0.0000
s19	s50	0.0298	0.0000
s19	s51	0.0290	0.0000
s19	s52	0.0796	0.0000
s19	s53	0.0665	0.0000
s19	s54	-0.0056	0.0000
s19	s55	0.0673	0.0000
s19	s57	0.0389	0.0000
s19	s58	0.0731	0.0000
s19	s59	0.0517	0.0000
s19	s60	0.0738	0.0000
s19	s61	0.0522	0.0000
s19	s64	0.0742	0.0000
s19	s66	0.0678	0.0000
s19	s67	-0.0112	0.0000
s19	s68	-0.0069	0.0000
s19	s69	0.0465	0.0000
s19	s73	-0.0105	0.0000
s19	s74	-0.0975	0.0000
s19	s75	-0.0977	0.0000
s19	s76	0.0641	0.0000
s19	s77	0.5641	0.2524
s19	s78	0.0657	0.0000
s19	s79	-0.0959	0.0000
s19	s82	0.5611	0.2516
s19	s83	0.0078	0.0000
s19	s84	0.0612	0.0000
s19	s85	0.0022	0.0000
s19	s87	0.0584	0.0000
s19	s91	-0.0569	0.0000
s19	s92	0.0504	0.0000
s19	s93	0.0504	0.0000
s19	s94	-0.0612	0.0000
s19	s95	-0.0112	0.0000
s20	s24	0.0665	0.0000
s20	s26	0.0340	0.0000
s20	s27	-0.0074	0.0000
s20	s28	-0.0906	0.0000
s20	s29	0.0720	0.0000
s20	s30	-0.0586	0.0000
s20	s31	0.0687	0.0000
s20	s32	-0.0077	0.0000
s20	s33	-0.0569	0.0000
s20	s34	-0.0617	0.0000
s20	s35	0.0734	0.0000
s20	s36	0.0707	0.0000
s20	s37	0.0710	0.0000
s20	s38	-0.0910	0.0000
s20	s41	0.0785	0.0000
s20	s42	0.0528	0.0000
s20	s43	0.0543	0.0000
s20	s46	0.0567	0.0000
s20	s47	0.0491	0.0000
s20	s48	0.0359	0.0000
s20	s49	-0.0884	0.0000
s20	s50	0.0377	0.0000
s20	s51	0.0265	0.0000
s20	s52	0.0709	0.0000
s20	s53	0.0727	0.0000
s20	s54	-0.0050	0.0000
s20	s55	0.5572	0.2522
s20	s57	0.0480	0.0000
s20	s58	0.0689	0.0000
s20	s59	0.0540	0.0000
s20	s60	0.0702	0.0000
s20	s61	0.0597	0.0000
s20	s64	0.0729	0.0000
s20	s66	0.0749	0.0000
s20	s67	-0.0105	0.0000
s20	s68	-0.0079	0.0000
s20	s69	0.0591	0.0000
s20	s73	-0.0080	0.0000
s20	s74	-0.0914	0.0000
s20	s75	-0.0913	0.0000
s20	s76	0.0643	0.0000
s20	s77	0.0695	0.0000
s20	s78	0.0721	0.0000
s20	s79	-0.0873	0.0000
s20	s82	0.0695	0.0000
s20	s83	0.0089	0.0000
s20	s84	0.0606	0.0000
s20	s85	0.0063	0.0000
s20	s87	0.0642	0.0000
s20	s91	-0.0594	0.0000
s20	s92	0.0546	0.0000
s20	s93	0.0546	0.0000
s20	s94	-0.0606	0.0000
s20	s95	-0.0105	0.0000
s24	s26	0.0263	0.0000
s24	s27	-0.0126	0.0000
s24	s28	-0.0937	0.0000
s24	s29	0.0695	0.0000
s24	s30	-0.0581	0.0000
s24	s31	0.0718	0.0000
s24	s32	-0.0113	0.0000
s24	s33	-0.0604	0.0000
s24	s34	-0.0589	0.0000
s24	s35	0.0709	0.0000
s24	s36	0.0696	0.0000
s24	s37	0.0624	0.0000
s24	s38	-0.0990	0.0000
s24	s41	0.0768	0.0000
s24	s42	0.0649	0.0000
s24	s43	0.0555	0.0000
s24	s46	0.0671	0.0000
s24	s47	0.0307	0.0000
s24	s48	0.0273	0.0000
s24	s49	-0.0985	0.0000
s24	s50	0.0351	0.0000
s24	s51	0.0290	0.0000
s24	s52	0.0729	0.0000
s24	s53	0.5678	0.2526
s24	s54	-0.0106	0.0000
s24	s55	0.0633	0.0000
s24	s57	0.0369	0.0000
s24	s58	0.5578	0.2527
s24	s59	0.0594	0.0000
s24	s60	0.0648	0.0000
s24	s61	0.0525	0.0000
s24	s64	0.0709	0.0000
s24	s66	0.0751	0.0000
s24	s67	-0.0101	0.0000
s24	s68	-0.0077	0.0000
s24	s69	0.0512	0.0000
s24	s73	-0.0064	0.0000
s24	s74	-0.0967	0.0000
s24	s75	-0.0974	0.0000
s24	s76	0.0861	0.0000
s24	s77	0.0663	0.0000
s24	s78	0.0652	0.0000
s24	s79	-0.0950	0.0000
s24	s82	0.0654	0.0000
s24	s83	0.0084	0.0000
s24	s84	0.0593	0.0000
s24	s85	0.0040	0.0000
s24	s87	0.0619	0.0000
s24	s91	-0.0572	0.0000
s24	s92	0.0578	0.0000
s24	s93	0.0578	0.0000
s24	s94	-0.0575	0.0000
s24	s95	-0.0101	0.0000
s26	s27	-0.0154	0.0000
s26	s28	-0.0640	0.0000
s26	s29	0.0362	0.0000
s26	s30	-0.0393	0.0000
s26	s31	0.0339	0.0000
s26	s32	-0.0158	0.0000
s26	s33	-0.0287	0.0000
s26	s34	-0.0389	0.0000
s26	s35	0.0324	0.0000
s26	s36	0.0328	0.0000
s26	s37	0.0319	0.0000
s26	s38	-0.0664	0.0000
s26	s41	0.0342	0.0000
s26	s42	0.0120	0.0000
s26	s43	0.0146	0.0000
s26	s46	0.0142	0.0000
s26	s47	0.5077	0.2516
s26	s48	0.2266	0.1122
s26	s49	-0.0657	0.0000
s26	s50	0.0262	0.0000
s26	s51	0.0253	0.0000
s26	s52	0.0388	0.0000
s26	s53	0.0270	0.0000
s26	s54	-0.0133	0.0000
s26	s55	0.0291	0.0000
s26	s57	0.5087	0.2508
s26	s58	0.0359	0.0000
s26	s59	0.0116	0.0000
s26	s60	0.0302	0.0000
s26	s61	0.0167	0.0000
s26	s64	0.0341	0.0000
s26	s66	0.0325	0.0000
s26	s67	-0.0188	0.0000
s26	s68	-0.0168	0.0000
s26	s69	0.0238	0.0000
s26	s73	-0.0189	0.0000
s26	s74	-0.0667	0.0000
s26	s75	-0.0682	0.0000
s26	s76	0.0274	0.0000
s26	s77	0.0325	0.0000
s26	s78	0.0363	0.0000
s26	s79	-0.0629	0.0000
s26	s82	0.0333	0.0000
s26	s83	0.0189	0.0000
s26	s84	0.0217	0.0000
s26	s85	0.0230	0.0000
s26	s87	0.0241	0.0000
s26	s91	-0.0395	0.0000
s26	s92	0.0114	0.0000
s26	s93	0.0114	0.0000
s26	s94	-0.0419	0.0000
s26	s95	-0.0188	0.0000
s27	s28	-0.0659	0.0000
s27	s29	-0.0112	0.0000
s27	s30	0.0101	0.0000
s27	s31	-0.0174	0.0000
s27	s32	0.5122	0.2511
s27	s33	0.0145	0.0000
s27	s34	0.0103	0.0000
s27	s35	-0.0136	0.0000
s27	s36	-0.0116	0.0000
s27	s37	-0.0188	0.0000
s27	s38	-0.0670	0.0000
s27	s41	-0.0113	0.0000
s27	s42	-0.0295	0.0000
s27	s43	-0.0297	0.0000
s27	s46	-0.0277	0.0000
s27	s47	-0.0157	0.0000
s27	s48	-0.0140	0.0000
s27	s49	-0.0665	0.0000
s27	s50	-0.0111	0.0000
s27	s51	-0.0066	0.0000
s27	s52	-0.0102	0.0000
s27	s53	-0.0081	0.0000
s27	s54	0.0577	0.0000
s27	s55	-0.0092	0.0000
s27	s57	-0.0182	0.0000
s27	s58	-0.0093	0.0000
s27	s59	-0.0327	0.0000
s27	s60	-0.0050	0.0000
s27	s61	-0.0320	0.0000
s27	s64	-0.0129	0.0000
s27	s66	-0.0086	0.0000
s27	s67	0.0486	0.0000
s27	s68	0.0543	0.0000
s27	s69	-0.0119	0.0000
s27	s73	0.0499	0.0000
s27	s74	-0.0676	0.0000
s27	s75	-0.0671	0.0000
s27	s76	-0.0130	0.0000
s27	s77	-0.0114	0.0000
s27	s78	-0.0124	0.0000
s27	s79	-0.0682	0.0000
s27	s82	-0.0087	0.0000
s27	s83	-0.0134	0.0000
s27	s84	-0.0161	0.0000
s27	s85	-0.0106	0.0000
s27	s87	-0.0128	0.0000
s27	s91	0.0092	0.0000
s27	s92	-0.0343	0.0000
s27	s93	-0.0344	0.0000
s27	s94	0.0084	0.0000
s27	s95	0.0486	0.0000
s28	s29	-0.0888	0.0000
s28	s30	-0.0875	0.0000
s28	s31	-0.0854	0.0000
s28	s32	-0.0688	0.0000
s28	s33	-0.0837	0.0000
s28	s34	-0.0884	0.0000
s28	s35	-0.0869	0.0000
s28	s36	-0.0858	0.0000
s28	s37	-0.0853	0.0000
s28	s38	0.2669	0.0000
s28	s41	-0.0965	0.0000
s28	s42	-0.0961	0.0000
s28	s43	-0.0930	0.0000
s28	s46	-0.0912	0.0000
s28	s47	-0.0729	0.0000
s28	s48	-0.0754	0.0000
s28	s49	0.2732	0.0000
s28	s50	-0.0886	0.0000
s28	s51	-0.0763	0.0000
s28	s52	-0.0869	0.0000
s28	s53	-0.0932	0.0000
s28	s54	-0.0695	0.0000
s28	s55	-0.0966	0.0000
s28	s57	-0.0750	0.0000
s28	s58	-0.0920	0.0000
s28	s59	-0.0908	0.0000
s28	s60	-0.0910	0.0000
s28	s61	-0.0892	0.0000
s28	s64	-0.0953	0.0000
s28	s66	-0.0878	0.0000
s28	s67	-0.0744	0.0000
s28	s68	-0.0753	0.0000
s28	s69	-0.0773	0.0000
s28	s73	-0.0738	0.0000
s28	s74	0.7305	0.2520
s28	s75	0.2684	0.0000
s28	s76	-0.0788	0.0000
s28	s77	-0.0897	0.0000
s28	s78	-0.0890	0.0000
s28	s79	0.2778	0.0000
s28	s82	-0.0908	0.0000
s28	s83	-0.0809	0.0000
s28	s84	-0.0890	0.0000
s28	s85	-0.0760	0.0000
s28	s87	-0.0866	0.0000
s28	s91	-0.0847	0.0000
s28	s92	-0.0952	0.0000
s28	s93	-0.0952	0.0000
s28	s94	-0.0906	0.0000
s28	s95	-0.0744	0.0000
s29	s30	-0.0637	0.0000
s29	s31	0.0678	0.0000
s29	s32	-0.0114	0.0000
s29	s33	-0.0599	0.0000
s29	s34	-0.0603	0.0000
s29	s35	0.0683	0.0000
s29	s36	0.0684	0.0000
s29	s37	0.0754	0.0000
s29	s38	-0.0910	0.0000
s29	s41	0.0766	0.0000
s29	s42	0.0529	0.0000
s29	s43	0.0524	0.0000
s29	s46	0.0491	0.0000
s29	s47	0.0444	0.0000
s29	s48	0.0371	0.0000
s29	s49	-0.0948	0.0000
s29	s50	0.0345	0.0000
s29	s51	0.0279	0.0000
s29	s52	0.0672	0.0000
s29	s53	0.0743	0.0000
s29	s54	-0.0088	0.0000
s29	s55	0.0675	0.0000
s29	s57	0.0476	0.0000
s29	s58	0.0752	0.0000
s29	s59	0.0539	0.0000
s29	s60	0.0746	0.0000
s29	s61	0.0559	0.0000
s29	s64	0.0714	0.0000
s29	s66	0.0802	0.0000
s29	s67	-0.0063	0.0000
s29	s68	-0.0061	0.0000
s29	s69	0.0550	0.0000
s29	s73	-0.0144	0.0000
s29	s74	-0.0913	0.0000
s29	s75	-0.0903	0.0000
s29	s76	0.0657	0.0000
s29	s77	0.0703	0.0000
s29	s78	0.0751	0.0000
s29	s79	-0.0947	0.0000
s29	s82	0.0748	0.0000
s29	s83	0.0140	0.0000
s29	s84	0.0641	0.0000
s29	s85	0.0056	0.0000
s29	s87	0.0689	0.0000
s29	s91	-0.0614	0.0000
s29	s92	0.0485	0.0000
s29	s93	0.0485	0.0000
s29	s94	-0.0649	0.0000
s29	s95	-0.0063	0.0000
s30	s31	-0.0599	0.0000
s30	s32	0.0053	0.0000
s30	s33	0.5453	0.2507
s30	s34	0.3771	0.1471
s30	s35	-0.0684	0.0000
s30	s36	-0.0632	0.0000
s30	s37	-0.0608	0.0000
s30	s38	-0.0864	0.0000
s30	s41	-0.0596	0.0000
s30	s42	-0.0854	0.0000
s30	s43	-0.0814	0.0000
s30	s46	-0.0836	0.0000
s30	s47	-0.0522	0.0000
s30	s48	-0.0375	0.0000
s30	s49	-0.0918	0.0000
s30	s50	-0.0201	0.0000
s30	s51	-0.0211	0.0000
s30	s52	-0.0621	0.0000
s30	s53	-0.0608	0.0000
s30	s54	0.0047	0.0000
s30	s55	-0.0649	0.0000
s30	s57	-0.0546	0.0000
s30	s58	-0.0566	0.0000
s30	s59	-0.0831	0.0000
s30	s60	-0.0621	0.0000
s30	s61	-0.0821	0.0000
s30	s64	-0.0610	0.0000
s30	s66	-0.0628	0.0000
s30	s67	-0.0014	0.0000
s30	s68	-0.0021	0.0000
s30	s69	-0.0598	0.0000
s30	s73	-0.0017	0.0000
s30	s74	-0.0887	0.0000
s30	s75	-0.0860	0.0000
s30	s76	-0.0774	0.0000
s30	s77	-0.0600	0.0000
s30	s78	-0.0611	0.0000
s30	s79	-0.0894	0.0000
s30	s82	-0.0595	0.0000
s30	s83	-0.0033	0.0000
s30	s84	-0.0745	0.0000
s30	s85	-0.0024	0.0000
s30	s87	-0.0727	0.0000
s30	s91	0.3731	0.1370
s30	s92	-0.0848	0.0000
s30	s93	-0.0848	0.0000
s30	s94	0.5397	0.2548
s30	s95	-0.0014	0.0000
s31	s32	-0.0154	0.0000
s31	s33	-0.0540	0.0000
s31	s34	-0.0566	0.0000
s31	s35	0.0653	0.0000
s31	s36	0.5547	0.2505
s31	s37	0.0699	0.0000
s31	s38	-0.0906	0.0000
s31	s41	0.0664	0.0000
s31	s42	0.0523	0.0000
s31	s43	0.0509	0.0000
s31	s46	0.0511	0.0000
s31	s47	0.0370	0.0000
s31	s48	0.0292	0.0000
s31	s49	-0.0947	0.0000
s31	s50	0.0341	0.0000
s31	s51	0.0235	0.0000
s31	s52	0.0673	0.0000
s31	s53	0.0721	0.0000
s31	s54	-0.0051	0.0000
s31	s55	0.0637	0.0000
s31	s57	0.0386	0.0000
s31	s58	0.0766	0.0000
s31	s59	0.0521	0.0000
s31	s60	0.0684	0.0000
s31	s61	0.0518	0.0000
s31	s64	0.0731	0.0000
s31	s66	0.0683	0.0000
s31	s67	-0.0147	0.0000
s31	s68	-0.0073	0.0000
s31	s69	0.0454	0.0000
s31	s73	-0.0161	0.0000
s31	s74	-0.0905	0.0000
s31	s75	-0.0903	0.0000
s31	s76	0.0654	0.0000
s31	s77	0.0701	0.0000
s31	s78	0.0727	0.0000
s31	s79	-0.0887	0.0000
s31	s82	0.0695	0.0000
s31	s83	0.0085	0.0000
s31	s84	0.0626	0.0000
s31	s85	0.0080	0.0000
s31	s87	0.0708	0.0000
s31	s91	-0.0573	0.0000
s31	s92	0.0502	0.0000
s31	s93	0.0502	0.0000
s31	s94	-0.0609	0.0000
s31	s95	-0.0147	0.0000
s32	s33	0.0104	0.0000
s32	s34	0.0037	0.0000
s32	s35	-0.0097	0.0000
s32	s36	-0.0125	0.0000
s32	s37	-0.0162	0.0000
s32	s38	-0.0689	0.0000
s32	s41	-0.0091	0.0000
s32	s42	-0.0286	0.0000
s32	s43	-0.0309	0.0000
s32	s46	-0.0257	0.0000
s32	s47	-0.0167	0.0000
s32	s48	-0.0193	0.0000
s32	s49	-0.0710	0.0000
s32	s50	-0.0060	0.0000
s32	s51	-0.0112	0.0000
s32	s52	-0.0134	0.0000
s32	s53	-0.0082	0.0000
s32	s54	0.5198	0.2470
s32	s55	-0.0105	0.0000
s32	s57	-0.0177	0.0000
s32	s58	-0.0093	0.0000
s32	s59	-0.0262	0.0000
s32	s60	-0.0047	0.0000
s32	s61	-0.0292	0.0000
s32	s64	-0.0100	0.0000
s32	s66	-0.0113	0.0000
s32	s67	0.0444	0.0000
s32	s68	0.0465	0.0000
s32	s69	-0.0107	0.0000
s32	s73	0.0498	0.0000
s32	s74	-0.0700	0.0000
s32	s75	-0.0699	0.0000
s32	s76	-0.0188	0.0000
s32	s77	-0.0139	0.0000
s32	s78	-0.0123	0.0000
s32	s79	-0.0698	0.0000
s32	s82	-0.0056	0.0000
s32	s83	-0.0129	0.0000
s32	s84	-0.0152	0.0000
s32	s85	-0.0101	0.0000
s32	s87	-0.0164	0.0000
s32	s91	0.0052	0.0000
s32	s92	-0.0351	0.0000
s32	s93	-0.0351	0.0000
s32	s94	0.0005	0.0000
s32	s95	0.0444	0.0000
s33	s34	0.1684	0.0000
s33	s35	-0.0618	0.0000
s33	s36	-0.0567	0.0000
s33	s37	-0.0613	0.0000
s33	s38	-0.0809	0.0000
s33	s41	-0.0576	0.0000
s33	s42	-0.0821	0.0000
s33	s43	-0.0809	0.0000
s33	s46	-0.0813	0.0000
s33	s47	-0.0426	0.0000
s33	s48	-0.0315	0.0000
s33	s49	-0.0849	0.0000
s33	s50	-0.0130	0.0000
s33	s51	-0.0156	0.0000
s33	s52	-0.0540	0.0000
s33	s53	-0.0549	0.0000
s33	s54	0.0126	0.0000
s33	s55	-0.0598	0.0000
s33	s57	-0.0434	0.0000
s33	s58	-0.0580	0.0000
s33	s59	-0.0841	0.0000
s33	s60	-0.0577	0.0000
s33	s61	-0.0790	0.0000
s33	s64	-0.0571	0.0000
s33	s66	-0.0566	0.0000
s33	s67	0.0022	0.0000
s33	s68	0.0059	0.0000
s33	s69	-0.0544	0.0000
s33	s73	0.0050	0.0000
s33	s74	-0.0837	0.0000
s33	s75	-0.0814	0.0000
s33	s76	-0.0711	0.0000
s33	s77	-0.0579	0.0000
s33	s78	-0.0614	0.0000
s33	s79	-0.0812	0.0000
s33	s82	-0.0580	0.0000
s33	s83	0.0006	0.0000
s33	s84	-0.0702	0.0000
s33	s85	0.0002	0.0000
s33	s87	-0.0709	0.0000
s33	s91	0.1722	0.0000
s33	s92	-0.0840	0.0000
s33	s93	-0.0840	0.0000
s33	s94	0.1666	0.0000
s33	s95	0.0022	0.0000
s34	s35	-0.0629	0.0000
s34	s36	-0.0603	0.0000
s34	s37	-0.0576	0.0000
s34	s38	-0.0833	0.0000
s34	s41	-0.0618	0.0000
s34	s42	-0.0797	0.0000
s34	s43	-0.0827	0.0000
s34	s46	-0.0839	0.0000
s34	s47	-0.0523	0.0000
s34	s48	-0.0402	0.0000
s34	s49	-0.0882	0.0000
s34	s50	-0.0184	0.0000
s34	s51	-0.0201	0.0000
s34	s52	-0.0617	0.0000
s34	s53	-0.0613	0.0000
s34	s54	-0.0003	0.0000
s34	s55	-0.0631	0.0000
s34	s57	-0.0537	0.0000
s34	s58	-0.0601	0.0000
s34	s59	-0.0806	0.0000
s34	s60	-0.0601	0.0000
s34	s61	-0.0791	0.0000
s34	s64	-0.0613	0.0000
s34	s66	-0.0625	0.0000
s34	s67	-0.0061	0.0000
s34	s68	-0.0051	0.0000
s34	s69	-0.0604	0.0000
s34	s73	-0.0068	0.0000
s34	s74	-0.0853	0.0000
s34	s75	-0.0849	0.0000
s34	s76	-0.0798	0.0000
s34	s77	-0.0583	0.0000
s34	s78	-0.0591	0.0000
s34	s79	-0.0876	0.0000
s34	s82	-0.0624	0.0000
s34	s83	-0.0042	0.0000
s34	s84	-0.0677	0.0000
s34	s85	-0.0040	0.0000
s34	s87	-0.0727	0.0000
s34	s91	0.5430	0.2479
s34	s92	-0.0830	0.0000
s34	s93	-0.0830	0.0000
s34	s94	0.5445	0.2611
s34	s95	-0.0061	0.0000
s35	s36	0.0639	0.0000
s35	s37	0.0668	0.0000
s35	s38	-0.0921	0.0000
s35	s41	0.0754	0.0000
s35	s42	0.0532	0.0000
s35	s43	0.0535	0.0000
s35	s46	0.0573	0.0000
s35	s47	0.0412	0.0000
s35	s48	0.0357	0.0000
s35	s49	-0.0947	0.0000
s35	s50	0.0418	0.0000
s35	s51	0.0283	0.0000
s35	s52	0.0701	0.0000
s35	s53	0.0667	0.0000
s35	s54	-0.0010	0.0000
s35	s55	0.5586	0.2529
s35	s57	0.0427	0.0000
s35	s58	0.0794	0.0000
s35	s59	0.0601	0.0000
s35	s60	0.0768	0.0000
s35	s61	0.0565	0.0000
s35	s64	0.0718	0.0000
s35	s66	0.0749	0.0000
s35	s67	-0.0079	0.0000
s35	s68	-0.0049	0.0000
s35	s69	0.0491	0.0000
s35	s73	-0.0082	0.0000
s35	s74	-0.0913	0.0000
s35	s75	-0.0950	0.0000
s35	s76	0.0676	0.0000
s35	s77	0.0704	0.0000
s35	s78	0.0703	0.0000
s35	s79	-0.0939	0.0000
s35	s82	0.0787	0.0000
s35	s83	0.0083	0.0000
s35	s84	0.0691	0.0000
s35	s85	0.0023	0.0000
s35	s87	0.0640	0.0000
s35	s91	-0.0592	0.0000
s35	s92	0.0551	0.0000
s35	s93	0.0552	0.0000
s35	s94	-0.0642	0.0000
s35	s95	-0.0079	0.0000
s36	s37	0.0651	0.0000
s36	s38	-0.0973	0.0000
s36	s41	0.0727	0.0000
s36	s42	0.0522	0.0000
s36	s43	0.0500	0.0000
s36	s46	0.0490	0.0000
s36	s47	0.0378	0.0000
s36	s48	0.0292	0.0000
s36	s49	-0.0952	0.0000
s36	s50	0.0348	0.0000
s36	s51	0.0264	0.0000
s36	s52	0.5653	0.2524
s36	s53	0.0696	0.0000
s36	s54	-0.0055	0.0000
s36	s55	0.0607	0.0000
s36	s57	0.0376	0.0000
s36	s58	0.0728	0.0000
s36	s59	0.0534	0.0000
s36	s60	0.0746	0.0000
s36	s61	0.0476	0.0000
s36	s64	0.0700	0.0000
s36	s66	0.0666	0.0000
s36	s67	-0.0162	0.0000
s36	s68	-0.0123	0.0000
s36	s69	0.0473	0.0000
s36	s73	-0.0139	0.0000
s36	s74	-0.0914	0.0000
s36	s75	-0.0955	0.0000
s36	s76	0.0723	0.0000
s36	s77	0.0715	0.0000
s36	s78	0.0695	0.0000
s36	s79	-0.0919	0.0000
s36	s82	0.0774	0.0000
s36	s83	0.0063	0.0000
s36	s84	0.0509	0.0000
s36	s85	0.0039	0.0000
s36	s87	0.0683	0.0000
s36	s91	-0.0607	0.0000
s36	s92	0.0507	0.0000
s36	s93	0.0507	0.0000
s36	s94	-0.0629	0.0000
s36	s95	-0.0162	0.0000
s37	s38	-0.0915	0.0000
s37	s41	0.0739	0.0000
s37	s42	0.0443	0.0000
s37	s43	0.0467	0.0000
s37	s46	0.0469	0.0000
s37	s47	0.0387	0.0000
s37	s48	0.0301	0.0000
s37	s49	-0.0907	0.0000
s37	s50	0.0380	0.0000
s37	s51	0.0212	0.0000
s37	s52	0.0669	0.0000
s37	s53	0.0654	0.0000
s37	s54	-0.0072	0.0000
s37	s55	0.0688	0.0000
s37	s57	0.0400	0.0000
s37	s58	0.0663	0.0000
s37	s59	0.0432	0.0000
s37	s60	0.0653	0.0000
s37	s61	0.0527	0.0000
s37	s64	0.0737	0.0000
s37	s66	0.0750	0.0000
s37	s67	-0.0145	0.0000
s37	s68	-0.0091	0.0000
s37	s69	0.0460	0.0000
s37	s73	-0.0140	0.0000
s37	s74	-0.0925	0.0000
s37	s75	-0.0911	0.0000
s37	s76	0.0603	0.0000
s37	s77	0.0712	0.0000
s37	s78	0.5645	0.2516
s37	s79	-0.0890	0.0000
s37	s82	0.0688	0.0000
s37	s83	0.0122	0.0000
s37	s84	0.0637	0.0000
s37	s85	0.0081	0.0000
s37	s87	0.0635	0.0000
s37	s91	-0.0598	0.0000
s37	s92	0.0466	0.0000
s37	s93	0.0466	0.0000
s37	s94	-0.0604	0.0000
s37	s95	-0.0145	0.0000
s38	s41	-0.0889	0.0000
s38	s42	-0.0893	0.0000
s38	s43	-0.0906	0.0000
s38	s46	-0.0916	0.0000
s38	s47	-0.0767	0.0000
s38	s48	-0.0789	0.0000
s38	s49	0.5254	0.1454
s38	s50	-0.0852	0.0000
s38	s51	-0.0775	0.0000
s38	s52	-0.0924	0.0000
s38	s53	-0.0929	0.0000
s38	s54	-0.0675	0.0000
s38	s55	-0.0916	0.0000
s38	s57	-0.0772	0.0000
s38	s58	-0.0973	0.0000
s38	s59	-0.0911	0.0000
s38	s60	-0.0936	0.0000
s38	s61	-0.0893	0.0000
s38	s64	-0.0912	0.0000
s38	s66	-0.0893	0.0000
s38	s67	-0.0714	0.0000
s38	s68	-0.0772	0.0000
s38	s69	-0.0783	0.0000
s38	s73	-0.0696	0.0000
s38	s74	0.7213	0.2514
s38	s75	0.7233	0.2511
s38	s76	-0.0823	0.0000
s38	s77	-0.0897	0.0000
s38	s78	-0.0881	0.0000
s38	s79	0.2636	0.0000
s38	s82	-0.0925	0.0000
s38	s83	-0.0819	0.0000
s38	s84	-0.0785	0.0000
s38	s85	-0.0788	0.0000
s38	s87	-0.0861	0.0000
s38	s91	-0.0855	0.0000
s38	s92	-0.0973	0.0000
s38	s93	-0.0973	0.0000
s38	s94	-0.0909	0.0000
s38	s95	-0.0714	0.0000
s41	s42	0.0530	0.0000
s41	s43	0.0519	0.0000
s41	s46	0.0498	0.0000
s41	s47	0.0480	0.0000
s41	s48	0.0392	0.0000
s41	s49	-0.0881	0.0000
s41	s50	0.0368	0.0000
s41	s51	0.0331	0.0000
s41	s52	0.0756	0.0000
s41	s53	0.0752	0.0000
s41	s54	-0.0089	0.0000
s41	s55	0.0745	0.0000
s41	s57	0.0408	0.0000
s41	s58	0.0756	0.0000
s41	s59	0.0593	0.0000
s41	s60	0.0743	0.0000
s41	s61	0.0530	0.0000
s41	s64	0.5765	0.2453
s41	s66	0.0746	0.0000
s41	s67	-0.0074	0.0000
s41	s68	-0.0073	0.0000
s41	s69	0.0532	0.0000
s41	s73	-0.0061	0.0000
s41	s74	-0.0930	0.0000
s41	s75	-0.0840	0.0000
s41	s76	0.0616	0.0000
s41	s77	0.0811	0.0000
s41	s78	0.0805	0.0000
s41	s79	-0.0931	0.0000
s41	s82	0.0803	0.0000
s41	s83	0.0080	0.0000
s41	s84	0.0596	0.0000
s41	s85	0.0047	0.0000
s41	s87	0.0702	0.0000
s41	s91	-0.0645	0.0000
s41	s92	0.0499	0.0000
s41	s93	0.0499	0.0000
s41	s94	-0.0645	0.0000
s41	s95	-0.0074	0.0000
s42	s43	0.5206	0.2156
s42	s46	0.6551	0.2684
s42	s47	0.0178	0.0000
s42	s48	0.0097	0.0000
s42	s49	-0.1005	0.0000
s42	s50	0.0198	0.0000
s42	s51	0.0055	0.0000
s42	s52	0.0636	0.0000
s42	s53	0.0654	0.0000
s42	s54	-0.0246	0.0000
s42	s55	0.0494	0.0000
s42	s57	0.0227	0.0000
s42	s58	0.0531	0.0000
s42	s59	0.6508	0.2696
s42	s60	0.0530	0.0000
s42	s61	0.6060	0.2482
s42	s64	0.0486	0.0000
s42	s66	0.0511	0.0000
s42	s67	-0.0213	0.0000
s42	s68	-0.0226	0.0000
s42	s69	0.0344	0.0000
s42	s73	-0.0286	0.0000
s42	s74	-0.0938	0.0000
s42	s75	-0.0952	0.0000
s42	s76	0.2712	0.1138
s42	s77	0.0536	0.0000
s42	s78	0.0498	0.0000
s42	s79	-0.0996	0.0000
s42	s82	0.0559	0.0000
s42	s83	-0.0144	0.0000
s42	s84	0.2635	0.1100
s42	s85	-0.0230	0.0000
s42	s87	0.3240	0.1345
s42	s91	-0.0803	0.0000
s42	s92	0.6389	0.2661
s42	s93	0.6389	0.2661
s42	s94	-0.0833	0.0000
s42	s95	-0.0213	0.0000
s43	s46	0.5861	0.2394
s43	s47	0.0254	0.0000
s43	s48	0.0136	0.0000
s43	s49	-0.0958	0.0000
s43	s50	0.0187	0.0000
s43	s51	0.0066	0.0000
s43	s52	0.0606	0.0000
s43	s53	0.0588	0.0000
s43	s54	-0.0271	0.0000
s43	s55	0.0553	0.0000
s43	s57	0.0282	0.0000
s43	s58	0.0508	0.0000
s43	s59	0.6019	0.2485
s43	s60	0.0449	0.0000
s43	s61	0.6098	0.2479
s43	s64	0.0487	0.0000
s43	s66	0.0527	0.0000
s43	s67	-0.0209	0.0000
s43	s68	-0.0241	0.0000
s43	s69	0.0422	0.0000
s43	s73	-0.0241	0.0000
s43	s74	-0.0932	0.0000
s43	s75	-0.0909	0.0000
s43	s76	0.2665	0.1112
s43	s77	0.0504	0.0000
s43	s78	0.0588	0.0000
s43	s79	-0.0957	0.0000
s43	s82	0.0535	0.0000
s43	s83	-0.0100	0.0000
s43	s84	0.3221	0.1321
s43	s85	-0.0139	0.0000
s43	s87	0.3286	0.1341
s43	s91	-0.0795	0.0000
s43	s92	0.5860	0.2434
s43	s93	0.5860	0.2434
s43	s94	-0.0820	0.0000
s43	s95	-0.0209	0.0000
s46	s47	0.0186	0.0000
s46	s48	0.0067	0.0000
s46	s49	-0.0980	0.0000
s46	s50	0.0175	0.0000
s46	s51	0.0027	0.0000
s46	s52	0.0582	0.0000
s46	s53	0.0641	0.0000
s46	s54	-0.0226	0.0000
s46	s55	0.0546	0.0000
s46	s57	0.0209	0.0000
s46	s58	0.0581	0.0000
s46	s59	0.5763	0.2375
s46	s60	0.0513	0.0000
s46	s61	0.6069	0.2467
s46	s64	0.0462	0.0000
s46	s66	0.0536	0.0000
s46	s67	-0.0209	0.0000
s46	s68	-0.0228	0.0000
s46	s69	0.0352	0.0000
s46	s73	-0.0243	0.0000
s46	s74	-0.0954	0.0000
s46	s75	-0.0922	0.0000
s46	s76	0.2807	0.1160
s46	s77	0.0457	0.0000
s46	s78	0.0468	0.0000
s46	s79	-0.0981	0.0000
s46	s82	0.0520	0.0000
s46	s83	-0.0118	0.0000
s46	s84	0.3454	0.1417
s46	s85	-0.0175	0.0000
s46	s87	0.3164	0.1294
s46	s91	-0.0819	0.0000
s46	s92	0.5887	0.2445
s46	s93	0.5887	0.2444
s46	s94	-0.0850	0.0000
s46	s95	-0.0209	0.0000
s47	s48	0.2766	0.1350
s47	s49	-0.0749	0.0000
s47	s50	0.0203	0.0000
s47	s51	0.0293	0.0000
s47	s52	0.0422	0.0000
s47	s53	0.0368	0.0000
s47	s54	-0.0137	0.0000
s47	s55	0.0415	0.0000
s47	s57	0.5406	0.2665
s47	s58	0.0412	0.0000
s47	s59	0.0207	0.0000
s47	s60	0.0409	0.0000
s47	s61	0.0216	0.0000
s47	s64	0.0470	0.0000
s47	s66	0.0397	0.0000
s47	s67	-0.0168	0.0000
s47	s68	-0.0122	0.0000
s47	s69	0.5575	0.2321
s47	s73	-0.0204	0.0000
s47	s74	-0.0759	0.0000
s47	s75	-0.0777	0.0000
s47	s76	0.0354	0.0000
s47	s77	0.0361	0.0000
s47	s78	0.0433	0.0000
s47	s79	-0.0712	0.0000
s47	s82	0.0449	0.0000
s47	s83	0.0121	0.0000
s47	s84	0.0313	0.0000
s47	s85	0.0136	0.0000
s47	s87	0.0311	0.0000
s47	s91	-0.0513	0.0000
s47	s92	0.0164	0.0000
s47	s93	0.0164	0.0000
s47	s94	-0.0541	0.0000
s47	s95	-0.0168	0.0000
s48	s49	-0.0825	0.0000
s48	s50	0.0273	0.0000
s48	s51	0.4972	0.2488
s48	s52	0.0375	0.0000
s48	s53	0.0284	0.0000
s48	s54	-0.0193	0.0000
s48	s55	0.0331	0.0000
s48	s57	0.5146	0.2537
s48	s58	0.0394	0.0000
s48	s59	0.0094	0.0000
s48	s60	0.0341	0.0000
s48	s61	0.0127	0.0000
s48	s64	0.0400	0.0000
s48	s66	0.0314	0.0000
s48	s67	-0.0147	0.0000
s48	s68	-0.0128	0.0000
s48	s69	0.3370	0.1139
s48	s73	-0.0196	0.0000
s48	s74	-0.0753	0.0000
s48	s75	-0.0806	0.0000
s48	s76	0.0277	0.0000
s48	s77	0.0331	0.0000
s48	s78	0.0295	0.0000
s48	s79	-0.0762	0.0000
s48	s82	0.0392	0.0000
s48	s83	0.0179	0.0000
s48	s84	0.0177	0.0000
s48	s85	0.0252	0.0000
s48	s87	0.0203	0.0000
s48	s91	-0.0357	0.0000
s48	s92	0.0089	0.0000
s48	s93	0.0089	0.0000
s48	s94	-0.0379	0.0000
s48	s95	-0.0147	0.0000
s49	s50	-0.0880	0.0000
s49	s51	-0.0823	0.0000
s49	s52	-0.0946	0.0000
s49	s53	-0.0946	0.0000
s49	s54	-0.0744	0.0000
s49	s55	-0.0938	0.0000
s49	s57	-0.0787	0.0000
s49	s58	-0.1002	0.0000
s49	s59	-0.0968	0.0000
s49	s60	-0.0935	0.0000
s49	s61	-0.0934	0.0000
s49	s64	-0.0892	0.0000
s49	s66	-0.0910	0.0000
s49	s67	-0.0733	0.0000
s49	s68	-0.0757	0.0000
s49	s69	-0.0785	0.0000
s49	s73	-0.0734	0.0000
s49	s74	0.4303	0.0948
s49	s75	0.7203	0.2503
s49	s76	-0.0871	0.0000
s49	s77	-0.0948	0.0000
s49	s78	-0.0857	0.0000
s49	s79	0.7256	0.2520
s49	s82	-0.0945	0.0000
s49	s83	-0.0842	0.0000
s49	s84	-0.0864	0.0000
s49	s85	-0.0743	0.0000
s49	s87	-0.0871	0.0000
s49	s91	-0.0882	0.0000
s49	s92	-0.0996	0.0000
s49	s93	-0.0997	0.0000
s49	s94	-0.0891	0.0000
s49	s95	-0.0734	0.0000
s50	s51	0.0383	0.0000
s50	s52	0.0393	0.0000
s50	s53	0.0372	0.0000
s50	s54	-0.0036	0.0000
s50	s55	0.0384	0.0000
s50	s57	0.0204	0.0000
s50	s58	0.0326	0.0000
s50	s59	0.0174	0.0000
s50	s60	0.0433	0.0000
s50	s61	0.0152	0.0000
s50	s64	0.0373	0.0000
s50	s66	0.0363	0.0000
s50	s67	-0.0034	0.0000
s50	s68	0.0004	0.0000
s50	s69	0.0252	0.0000
s50	s73	-0.0065	0.0000
s50	s74	-0.0883	0.0000
s50	s75	-0.0866	0.0000
s50	s76	0.0310	0.0000
s50	s77	0.0302	0.0000
s50	s78	0.0371	0.0000
s50	s79	-0.0888	0.0000
s50	s82	0.0351	0.0000
s50	s83	0.0310	0.0000
s50	s84	0.0259	0.0000
s50	s85	0.0402	0.0000
s50	s87	0.0303	0.0000
s50	s91	-0.0206	0.0000
s50	s92	0.0208	0.0000
s50	s93	0.0208	0.0000
s50	s94	-0.0236	0.0000
s50	s95	-0.0034	0.0000
s51	s52	0.0331	0.0000
s51	s53	0.0294	0.0000
s51	s54	-0.0127	0.0000
s51	s55	0.0257	0.0000
s51	s57	0.0209	0.0000
s51	s58	0.0288	0.0000
s51	s59	0.0013	0.0000
s51	s60	0.0257	0.0000
s51	s61	0.0059	0.0000
s51	s64	0.0322	0.0000
s51	s66	0.0265	0.0000
s51	s67	-0.0053	0.0000
s51	s68	-0.0086	0.0000
s51	s69	0.0300	0.0000
s51	s73	-0.0112	0.0000
s51	s74	-0.0781	0.0000
s51	s75	-0.0807	0.0000
s51	s76	0.0204	0.0000
s51	s77	0.0279	0.0000
s51	s78	0.0261	0.0000
s51	s79	-0.0758	0.0000
s51	s82	0.0329	0.0000
s51	s83	0.0331	0.0000
s51	s84	0.0178	0.0000
s51	s85	0.0400	0.0000
s51	s87	0.0175	0.0000
s51	s91	-0.0187	0.0000
s51	s92	0.0062	0.0000
s51	s93	0.0062	0.0000
s51	s94	-0.0194	0.0000
s51	s95	-0.0053	0.0000
s52	s53	0.0686	0.0000
s52	s54	-0.0050	0.0000
s52	s55	0.0629	0.0000
s52	s57	0.0453	0.0000
s52	s58	0.0780	0.0000
s52	s59	0.0626	0.0000
s52	s60	0.0839	0.0000
s52	s61	0.0620	0.0000
s52	s64	0.0699	0.0000
s52	s66	0.0709	0.0000
s52	s67	-0.0133	0.0000
s52	s68	-0.0146	0.0000
s52	s69	0.0519	0.0000
s52	s73	-0.0088	0.0000
s52	s74	-0.0917	0.0000
s52	s75	-0.0934	0.0000
s52	s76	0.0715	0.0000
s52	s77	0.0797	0.0000
s52	s78	0.0703	0.0000
s52	s79	-0.0914	0.0000
s52	s82	0.0808	0.0000
s52	s83	0.0055	0.0000
s52	s84	0.0636	0.0000
s52	s85	0.0025	0.0000
s52	s87	0.0693	0.0000
s52	s91	-0.0621	0.0000
s52	s92	0.0585	0.0000
s52	s93	0.0585	0.0000
s52	s94	-0.0643	0.0000
s52	s95	-0.0133	0.0000
s53	s54	-0.0076	0.0000
s53	s55	0.0677	0.0000
s53	s57	0.0358	0.0000
s53	s58	0.0744	0.0000
s53	s59	0.0643	0.0000
s53	s60	0.0692	0.0000
s53	s61	0.0478	0.0000
s53	s64	0.0705	0.0000
s53	s66	0.0712	0.0000
s53	s67	-0.0139	0.0000
s53	s68	-0.0110	0.0000
s53	s69	0.0509	0.0000
s53	s73	-0.0073	0.0000
s53	s74	-0.0952	0.0000
s53	s75	-0.0948	0.0000
s53	s76	0.1033	0.0000
s53	s77	0.0682	0.0000
s53	s78	0.0767	0.0000
s53	s79	-0.0946	0.0000
s53	s82	0.0674	0.0000
s53	s83	0.0088	0.0000
s53	s84	0.0640	0.0000
s53	s85	0.0044	0.0000
s53	s87	0.0678	0.0000
s53	s91	-0.0611	0.0000
s53	s92	0.0593	0.0000
s53	s93	0.0593	0.0000
s53	s94	-0.0627	0.0000
s53	s95	-0.0139	0.0000
s54	s55	-0.0082	0.0000
s54	s57	-0.0137	0.0000
s54	s58	-0.0045	0.0000
s54	s59	-0.0221	0.0000
s54	s60	-0.0035	0.0000
s54	s61	-0.0204	0.0000
s54	s64	-0.0101	0.0000
s54	s66	-0.0070	0.0000
s54	s67	0.0456	0.0000
s54	s68	0.0473	0.0000
s54	s69	-0.0066	0.0000
s54	s73	0.0516	0.0000
s54	s74	-0.0703	0.0000
s54	s75	-0.0703	0.0000
s54	s76	-0.0132	0.0000
s54	s77	-0.0062	0.0000
s54	s78	-0.0056	0.0000
s54	s79	-0.0698	0.0000
s54	s82	-0.0043	0.0000
s54	s83	-0.0135	0.0000
s54	s84	-0.0122	0.0000
s54	s85	-0.0116	0.0000
s54	s87	-0.0174	0.0000
s54	s91	0.0054	0.0000
s54	s92	-0.0297	0.0000
s54	s93	-0.0297	0.0000
s54	s94	-0.0028	0.0000
s54	s95	0.0456	0.0000
s55	s57	0.0436	0.0000
s55	s58	0.0669	0.0000
s55	s59	0.0550	0.0000
s55	s60	0.0699	0.0000
s55	s61	0.0556	0.0000
s55	s64	0.0734	0.0000
s55	s66	0.0736	0.0000
s55	s67	-0.0084	0.0000
s55	s68	-0.0088	0.0000
s55	s69	0.0499	0.0000
s55	s73	-0.0079	0.0000
s55	s74	-0.0969	0.0000
s55	s75	-0.0945	0.0000
s55	s76	0.0649	0.0000
s55	s77	0.0684	0.0000
s55	s78	0.0705	0.0000
s55	s79	-0.0949	0.0000
s55	s82	0.0733	0.0000
s55	s83	0.0081	0.0000
s55	s84	0.0643	0.0000
s55	s85	0.0026	0.0000
s55	s87	0.0613	0.0000
s55	s91	-0.0589	0.0000
s55	s92	0.0523	0.0000
s55	s93	0.0523	0.0000
s55	s94	-0.0646	0.0000
s55	s95	-0.0084	0.0000
s57	s58	0.0485	0.0000
s57	s59	0.0248	0.0000
s57	s60	0.0446	0.0000
s57	s61	0.0281	0.0000
s57	s64	0.0423	0.0000
s57	s66	0.0408	0.0000
s57	s67	-0.0205	0.0000
s57	s68	-0.0129	0.0000
s57	s69	0.5601	0.2319
s57	s73	-0.0208	0.0000
s57	s74	-0.0757	0.0000
s57	s75	-0.0791	0.0000
s57	s76	0.0400	0.0000
s57	s77	0.0391	0.0000
s57	s78	0.0427	0.0000
s57	s79	-0.0721	0.0000
s57	s82	0.0472	0.0000
s57	s83	0.0067	0.0000
s57	s84	0.0276	0.0000
s57	s85	0.0106	0.0000
s57	s87	0.0304	0.0000
s57	s91	-0.0490	0.0000
s57	s92	0.0218	0.0000
s57	s93	0.0218	0.0000
s57	s94	-0.0557	0.0000
s57	s95	-0.0205	0.0000
s58	s59	0.0482	0.0000
s58	s60	0.0764	0.0000
s58	s61	0.0548	0.0000
s58	s64	0.0702	0.0000
s58	s66	0.0798	0.0000
s58	s67	-0.0057	0.0000
s58	s68	-0.0030	0.0000
s58	s69	0.0550	0.0000
s58	s73	-0.0069	0.0000
s58	s74	-0.0953	0.0000
s58	s75	-0.0974	0.0000
s58	s76	0.0626	0.0000
s58	s77	0.0724	0.0000
s58	s78	0.0702	0.0000
s58	s79	-0.0937	0.0000
s58	s82	0.0755	0.0000
s58	s83	0.0064	0.0000
s58	s84	0.0625	0.0000
s58	s85	0.0013	0.0000
s58	s87	0.0641	0.0000
s58	s91	-0.0526	0.0000
s58	s92	0.0520	0.0000
s58	s93	0.0520	0.0000
s58	s94	-0.0579	0.0000
s58	s95	-0.0057	0.0000
s59	s60	0.0479	0.0000
s59	s61	0.6026	0.2481
s59	s64	0.0494	0.0000
s59	s66	0.0506	0.0000
s59	s67	-0.0263	0.0000
s59	s68	-0.0285	0.0000
s59	s69	0.0389	0.0000
s59	s73	-0.0265	0.0000
s59	s74	-0.0943	0.0000
s59	s75	-0.0946	0.0000
s59	s76	0.2873	0.1210
s59	s77	0.0507	0.0000
s59	s78	0.0452	0.0000
s59	s79	-0.0949	0.0000
s59	s82	0.0528	0.0000
s59	s83	-0.0130	0.0000
s59	s84	0.2638	0.1108
s59	s85	-0.0185	0.0000
s59	s87	0.3139	0.1315
s59	s91	-0.0825	0.0000
s59	s92	0.6367	0.2674
s59	s93	0.6367	0.2673
s59	s94	-0.0846	0.0000
s59	s95	-0.0263	0.0000
s60	s61	0.0528	0.0000
s60	s64	0.0636	0.0000
s60	s66	0.0710	0.0000
s60	s67	-0.0088	0.0000
s60	s68	-0.0095	0.0000
s60	s69	0.0588	0.0000
s60	s73	-0.0051	0.0000
s60	s74	-0.0939	0.0000
s60	s75	-0.0946	0.0000
s60	s76	0.0582	0.0000
s60	s77	0.0717	0.0000
s60	s78	0.0687	0.0000
s60	s79	-0.0906	0.0000
s60	s82	0.0785	0.0000
s60	s83	0.0105	0.0000
s60	s84	0.0618	0.0000
s60	s85	0.0050	0.0000
s60	s87	0.0680	0.0000
s60	s91	-0.0622	0.0000
s60	s92	0.0461	0.0000
s60	s93	0.0461	0.0000
s60	s94	-0.0627	0.0000
s60	s95	-0.0088	0.0000
s61	s64	0.0507	0.0000
s61	s66	0.0560	0.0000
s61	s67	-0.0172	0.0000
s61	s68	-0.0240	0.0000
s61	s69	0.0393	0.0000
s61	s73	-0.0227	0.0000
s61	s74	-0.0905	0.0000
s61	s75	-0.0903	0.0000
s61	s76	-0.0118	0.0000
s61	s77	0.0537	0.0000
s61	s78	0.0585	0.0000
s61	s79	-0.0920	0.0000
s61	s82	0.0597	0.0000
s61	s83	-0.0101	0.0000
s61	s84	0.6154	0.2475
s61	s85	-0.0125	0.0000
s61	s87	-0.0119	0.0000
s61	s91	-0.0786	0.0000
s61	s92	0.5988	0.2482
s61	s93	0.5988	0.2482
s61	s94	-0.0826	0.0000
s61	s95	-0.0172	0.0000
s64	s66	0.0751	0.0000
s64	s67	-0.0084	0.0000
s64	s68	-0.0082	0.0000
s64	s69	0.0542	0.0000
s64	s73	-0.0088	0.0000
s64	s74	-0.0933	0.0000
s64	s75	-0.0878	0.0000
s64	s76	0.0587	0.0000
s64	s77	0.0744	0.0000
s64	s78	0.0788	0.0000
s64	s79	-0.0917	0.0000
s64	s82	0.0732	0.0000
s64	s83	0.0053	0.0000
s64	s84	0.0627	0.0000
s64	s85	0.0027	0.0000
s64	s87	0.0603	0.0000
s64	s91	-0.0643	0.0000
s64	s92	0.0482	0.0000
s64	s93	0.0482	0.0000
s64	s94	-0.0647	0.0000
s64	s95	-0.0084	0.0000
s66	s67	-0.0041	0.0000
s66	s68	-0.0054	0.0000
s66	s69	0.0504	0.0000
s66	s73	-0.0045	0.0000
s66	s74	-0.0900	0.0000
s66	s75	-0.0887	0.0000
s66	s76	0.0611	0.0000
s66	s77	0.0754	0.0000
s66	s78	0.0754	0.0000
s66	s79	-0.0900	0.0000
s66	s82	0.0667	0.0000
s66	s83	0.0089	0.0000
s66	s84	0.0634	0.0000
s66	s85	0.0108	0.0000
s66	s87	0.0658	0.0000
s66	s91	-0.0620	0.0000
s66	s92	0.0509	0.0000
s66	s93	0.0509	0.0000
s66	s94	-0.0630	0.0000
s66	s95	-0.0041	0.0000
s67	s68	0.5188	0.2421
s67	s69	-0.0137	0.0000
s67	s73	0.5241	0.2453
s67	s74	-0.0737	0.0000
s67	s75	-0.0702	0.0000
s67	s76	-0.0159	0.0000
s67	s77	-0.0063	0.0000
s67	s78	-0.0109	0.0000
s67	s79	-0.0726	0.0000
s67	s82	-0.0115	0.0000
s67	s83	-0.0148	0.0000
s67	s84	-0.0096	0.0000
s67	s85	-0.0143	0.0000
s67	s87	-0.0181	0.0000
s67	s91	-0.0027	0.0000
s67	s92	-0.0242	0.0000
s67	s93	-0.0242	0.0000
s67	s94	-0.0044	0.0000
s67	s95	1.0050	0.5000
s68	s69	-0.0071	0.0000
s68	s73	0.4615	0.2287
s68	s74	-0.0768	0.0000
s68	s75	-0.0765	0.0000
s68	s76	-0.0162	0.0000
s68	s77	-0.0047	0.0000
s68	s78	-0.0106	0.0000
s68	s79	-0.0769	0.0000
s68	s82	-0.0095	0.0000
s68	s83	-0.0108	0.0000
s68	s84	-0.0132	0.0000
s68	s85	-0.0099	0.0000
s68	s87	-0.0163	0.0000
s68	s91	0.0012	0.0000
s68	s92	-0.0240	0.0000
s68	s93	-0.0240	0.0000
s68	s94	-0.0062	0.0000
s68	s95	0.5188	0.2421
s69	s73	-0.0161	0.0000
s69	s74	-0.0801	0.0000
s69	s75	-0.0798	0.0000
s69	s76	0.0536	0.0000
s69	s77	0.0468	0.0000
s69	s78	0.0506	0.0000
s69	s79	-0.0755	0.0000
s69	s82	0.0572	0.0000
s69	s83	0.0082	0.0000
s69	s84	0.0433	0.0000
s69	s85	0.0032	0.0000
s69	s87	0.0460	0.0000
s69	s91	-0.0540	0.0000
s69	s92	0.0335	0.0000
s69	s93	0.0336	0.0000
s69	s94	-0.0601	0.0000
s69	s95	-0.0138	0.0000
s73	s74	-0.0725	0.0000
s73	s75	-0.0695	0.0000
s73	s76	-0.0165	0.0000
s73	s77	-0.0045	0.0000
s73	s78	-0.0095	0.0000
s73	s79	-0.0742	0.0000
s73	s82	-0.0126	0.0000
s73	s83	-0.0111	0.0000
s73	s84	-0.0149	0.0000
s73	s85	-0.0149	0.0000
s73	s87	-0.0207	0.0000
s73	s91	-0.0016	0.0000
s73	s92	-0.0291	0.0000
s73	s93	-0.0290	0.0000
s73	s94	-0.0061	0.0000
s73	s95	0.5241	0.2453
s74	s75	0.5549	0.1625
s74	s76	-0.0824	0.0000
s74	s77	-0.0922	0.0000
s74	s78	-0.0917	0.0000
s74	s79	0.2672	0.0000
s74	s82	-0.0934	0.0000
s74	s83	-0.0830	0.0000
s74	s84	-0.0851	0.0000
s74	s85	-0.0799	0.0000
s74	s87	-0.0906	0.0000
s74	s91	-0.0846	0.0000
s74	s92	-0.1006	0.0000
s74	s93	-0.1006	0.0000
s74	s94	-0.0916	0.0000
s74	s95	-0.0737	0.0000
s75	s76	-0.0812	0.0000
s75	s77	-0.0905	0.0000
s75	s78	-0.0879	0.0000
s75	s79	0.2631	0.0000
s75	s82	-0.0966	0.0000
s75	s83	-0.0821	0.0000
s75	s84	-0.0831	0.0000
s75	s85	-0.0784	0.0000
s75	s87	-0.0852	0.0000
s75	s91	-0.0853	0.0000
s75	s92	-0.0995	0.0000
s75	s93	-0.0995	0.0000
s75	s94	-0.0886	0.0000
s75	s95	-0.0702	0.0000
s76	s77	0.0642	0.0000
s76	s78	0.0625	0.0000
s76	s79	-0.0831	0.0000
s76	s82	0.0657	0.0000
s76	s83	-0.0016	0.0000
s76	s84	0.0002	0.0000
s76	s85	-0.0055	0.0000
s76	s87	0.0037	0.0000
s76	s91	-0.0778	0.0000
s76	s92	0.3083	0.1297
s76	s93	0.3082	0.1296
s76	s94	-0.0787	0.0000
s76	s95	-0.0159	0.0000
s77	s78	0.0730	0.0000
s77	s79	-0.0969	0.0000
s77	s82	0.0768	0.0000
s77	s83	0.0077	0.0000
s77	s84	0.0625	0.0000
s77	s85	0.0031	0.0000
s77	s87	0.0640	0.0000
s77	s91	-0.0546	0.0000
s77	s92	0.0462	0.0000
s77	s93	0.0462	0.0000
s77	s94	-0.0607	0.0000
s77	s95	-0.0063	0.0000
s78	s79	-0.0833	0.0000
s78	s82	0.0685	0.0000
s78	s83	0.0143	0.0000
s78	s84	0.0714	0.0000
s78	s85	0.0064	0.0000
s78	s87	0.0619	0.0000
s78	s91	-0.0595	0.0000
s78	s92	0.0516	0.0000
s78	s93	0.0516	0.0000
s78	s94	-0.0604	0.0000
s78	s95	-0.0109	0.0000
s79	s82	-0.0917	0.0000
s79	s83	-0.0787	0.0000
s79	s84	-0.0845	0.0000
s79	s85	-0.0716	0.0000
s79	s87	-0.0853	0.0000
s79	s91	-0.0851	0.0000
s79	s92	-0.0984	0.0000
s79	s93	-0.0984	0.0000
s79	s94	-0.0878	0.0000
s79	s95	-0.0726	0.0000
s82	s83	0.0109	0.0000
s82	s84	0.0690	0.0000
s82	s85	0.0039	0.0000
s82	s87	0.0596	0.0000
s82	s91	-0.0626	0.0000
s82	s92	0.0573	0.0000
s82	s93	0.0573	0.0000
s82	s94	-0.0630	0.0000
s82	s95	-0.0115	0.0000
s83	s84	-0.0018	0.0000
s83	s85	0.5151	0.2526
s83	s87	0.0001	0.0000
s83	s91	-0.0043	0.0000
s83	s92	-0.0134	0.0000
s83	s93	-0.0134	0.0000
s83	s94	-0.0051	0.0000
s83	s95	-0.0148	0.0000
s84	s85	-0.0066	0.0000
s84	s87	-0.0024	0.0000
s84	s91	-0.0681	0.0000
s84	s92	0.3173	0.1340
s84	s93	0.3173	0.1340
s84	s94	-0.0723	0.0000
s84	s95	-0.0096	0.0000
s85	s87	-0.0023	0.0000
s85	s91	-0.0045	0.0000
s85	s92	-0.0244	0.0000
s85	s93	-0.0244	0.0000
s85	s94	-0.0029	0.0000
s85	s95	-0.0143	0.0000
s87	s91	-0.0703	0.0000
s87	s92	0.2940	0.1230
s87	s93	0.2940	0.1230
s87	s94	-0.0739	0.0000
s87	s95	-0.0181	0.0000
s91	s92	-0.0789	0.0000
s91	s93	-0.0789	0.0000
s91	s94	0.5391	0.2493
s91	s95	-0.0027	0.0000
s92	s93	1.2328	0.5000
s92	s94	-0.0815	0.0000
s92	s95	-0.0242	0.0000
s93	s94	-0.0815	0.0000
s93	s95	-0.0242	0.0000
s94	s95	-0.0044	0.0000
